1,3.73500000000,1.39290000000,5.10770000000,-0.998200000000
2,3.86950000000,2.07680000000,4.76660000000,0.999700000000
3,3.86690000000,1.23270000000,4.17590000000,-0.900000000000E-03
4,4.23970000000,0.902500000000,3.67430000000,-0.998200000000
5,4.69340000000,1.22190000000,3.24670000000,0.909000000000E-01
6,4.10370000000,1.70980000000,3.80910000000,0.999700000000
7,3.96600000000,1.56720000000,3.98680000000,-0.998200000000
8,3.95990000000,2.19150000000,4.51220000000,-0.900000000000E-03
9,3.86810000000,1.37180000000,4.16250000000,0.999700000000
10,3.81340000000,1.82840000000,4.55350000000,-0.999300000000
11,3.75970000000,1.13990000000,5.19640000000,0.999700000000
12,4.01010000000,0.425000000000,5.25850000000,0.999700000000
13,3.96300000000,0.658200000000,5.49280000000,-0.998200000000
14,4.10900000000,2.28660000000,5.55620000000,0.999700000000
15,4.44050000000,2.77870000000,5.30140000000,-0.900000000000E-03
16,5.39170000000,1.84430000000,3.08200000000,0.909000000000E-01
17,4.02120000000,1.39750000000,3.87180000000,-0.999300000000
18,5.26620000000,0.721300000000,3.14820000000,0.909000000000E-01
19,4.82300000000,1.19130000000,3.18370000000,0.909000000000E-01
20,5.12450000000,0.649700000000,3.21040000000,-0.999300000000
21,3.88900000000,0.599800000000,4.71860000000,0.999700000000
22,3.91040000000,1.05860000000,4.12430000000,0.909000000000E-01
23,4.15600000000,2.46030000000,4.41150000000,-0.998200000000
24,4.19890000000,0.787700000000,6.00680000000,-0.998200000000
25,4.62950000000,0.533000000000,6.27570000000,0.999700000000
26,4.62440000000,1.47920000000,6.49400000000,0.999700000000
27,4.54390000000,1.60410000000,6.42670000000,-0.999300000000
28,4.52490000000,2.40110000000,6.02610000000,-0.900000000000E-03
29,4.74250000000,0.669600000000,6.41790000000,0.999700000000
30,5.73590000000,-0.442000000000,5.44010000000,-0.998200000000
31,5.68880000000,-0.507900000000,5.15720000000,-0.900000000000E-03
32,5.36640000000,-0.235700000000,5.87030000000,-0.998200000000
33,5.22170000000,-0.172000000000E-01,6.12210000000,-0.998200000000
34,4.77000000000,-0.321200000000,5.08680000000,0.909000000000E-01
35,4.13690000000,0.193900000000,5.09210000000,-0.999300000000
36,4.65960000000,0.143300000000,3.80170000000,-0.900000000000E-03
37,3.92350000000,0.566400000000,5.19830000000,0.909000000000E-01
38,3.80650000000,0.881800000000,4.59640000000,-0.999300000000
39,3.86120000000,1.88830000000,5.36160000000,-0.900000000000E-03
40,4.38440000000,0.384900000000,5.94580000000,-0.999300000000
41,4.72870000000,1.19650000000,6.55020000000,0.909000000000E-01
42,4.86870000000,2.91910000000,5.64230000000,-0.999300000000
43,6.54080000000,1.17110000000,6.51700000000,-0.900000000000E-03
44,6.28770000000,0.378000000000E-01,6.05250000000,0.999700000000
45,6.44830000000,0.684600000000,6.43730000000,0.999700000000
46,7.33880000000,1.11460000000,5.59390000000,0.909000000000E-01
47,6.25360000000,2.21010000000,6.44120000000,-0.900000000000E-03
48,7.06410000000,2.31300000000,5.60760000000,0.999700000000
49,7.15090000000,1.22050000000,5.96300000000,-0.900000000000E-03
50,7.37020000000,1.83040000000,5.35870000000,1.00000000000
51,6.92890000000,2.26610000000,3.90100000000,-0.999300000000
52,6.25240000000,2.75160000000,3.79910000000,-0.998200000000
53,6.66990000000,2.42750000000,3.76040000000,0.999700000000
54,7.07090000000,2.47140000000,4.48160000000,-0.998200000000
55,6.71800000000,2.86580000000,4.68950000000,-0.998200000000
56,7.18380000000,2.38780000000,4.83630000000,1.00000000000
57,7.31220000000,2.03900000000,5.31360000000,-0.998200000000
58,7.01400000000,2.27720000000,4.03820000000,-0.999300000000
59,6.90140000000,2.42940000000,4.03780000000,0.999700000000
60,7.28790000000,1.80480000000,4.16440000000,-0.998200000000
61,7.23520000000,1.59880000000,3.97160000000,0.999700000000
62,7.34730000000,1.41830000000,4.16830000000,-0.999300000000
63,7.39120000000,1.87440000000,4.57130000000,0.999700000000
64,7.48180000000,1.45470000000,5.05920000000,-0.999300000000
65,7.43360000000,1.22380000000,5.33650000000,0.909000000000E-01
66,6.61290000000,0.723400000000,3.42690000000,-0.998200000000
67,7.17720000000,0.841300000000,3.98310000000,-0.998200000000
68,7.28460000000,1.03380000000,4.09330000000,1.00000000000
69,7.40330000000,1.31150000000,4.32040000000,-0.900000000000E-03
70,7.47210000000,1.26640000000,5.14830000000,1.00000000000
71,6.23490000000,0.131900000000,3.60160000000,0.999700000000
72,7.13140000000,0.489100000000,4.19920000000,-0.999300000000
73,7.39820000000,0.863100000000,4.57130000000,0.999700000000
74,5.21310000000,-0.457100000000,4.55880000000,-0.900000000000E-03
75,5.10320000000,0.348000000000,6.40090000000,1.00000000000
76,6.20340000000,0.337300000000,6.35940000000,-0.999300000000
77,5.21260000000,1.20580000000,6.72710000000,1.00000000000
78,6.23160000000,0.924200000000,6.61520000000,-0.998200000000
79,5.95060000000,1.86270000000,6.67290000000,-0.999300000000
80,6.41580000000,2.02590000000,6.45550000000,1.00000000000
81,5.89120000000,3.17770000000,5.28380000000,0.999700000000
82,5.52650000000,3.09050000000,4.15570000000,0.999700000000
83,4.68700000000,2.52410000000,3.73110000000,-0.998200000000
84,4.09000000000,1.43830000000,3.77420000000,-0.900000000000E-03
85,4.63150000000,1.90390000000,3.37280000000,-0.998200000000
86,5.06970000000,2.58330000000,3.56380000000,0.999700000000
87,4.76410000000,1.60800000000,3.22290000000,-0.998200000000
88,5.60380000000,2.00690000000,3.12080000000,0.999700000000
89,5.88660000000,2.90980000000,3.85960000000,1.00000000000
90,5.12670000000,2.89200000000,3.90810000000,-0.900000000000E-03
91,4.25260000000,2.66440000000,4.97710000000,-0.999300000000
92,4.46390000000,2.85210000000,4.79490000000,0.999700000000
93,4.13260000000,2.46670000000,4.50740000000,-1.00000000000
