number,x,y,z,q
1,-0.6565293079684376,1.5137763442942247,2.4743325853388853,-0.32
2,-0.7139924889122167,1.4544218295805167,2.5961302022692303,0.33
3,-0.6790159785282888,1.4120610916827658,2.689836739746838,0.55
4,-0.6844234405902246,1.4264248039393832,2.662030438552232,-0.55
5,-1.0508263668213178,1.2998786690444428,2.6760462153612927,0.55
6,-0.6212187473315944,1.5207436582911016,2.466387659515979,0.33
7,-0.7252316039809217,1.5256063639937776,2.4067370574337636,0.33
8,-0.5842485117999,1.5236907719507193,2.467485559611117,0.33
9,-1.050501650019932,1.1988555960103786,2.820476475363834,0.39
10,-1.108972827810392,1.3240791774596912,2.577825754965061,-0.55
11,-1.0997154520997574,1.2181851136459672,2.7587047113517578,-0.78
12,-1.1825226868954106,1.1750785264417754,2.7451516050792173,0.39
13,-0.6497040229679579,1.349991586875869,2.796995058153902,-0.4
14,-0.7121527480328521,1.1965686932816875,2.9726626762637145,0.55
15,-0.740538660494583,1.2042877316494796,2.9573259134763052,-0.55
16,-0.35366702509178227,1.3077238919560727,2.8629016515253936,-0.49
17,-0.6465210572211476,1.346089482062028,2.8033411543194404,0.4
18,-0.3537258651615233,1.2864904010902019,2.8899768812411954,0.49
19,-0.7692576546245866,1.1123386477031407,3.0398719696754855,-0.4
20,-0.8027654899883555,0.9746781230473394,3.1402311529338327,0.55
21,-0.7244902273909866,0.9114378728169337,3.200570685785582,-0.55
22,-1.0532239706287656,0.8506918519554669,3.1230275598960984,0.265
23,-1.1447817796582311,0.705220411898221,3.1511171625195553,-0.53
24,-1.2100508106634809,0.6370916956705728,3.1414720365846414,0.265
25,-0.7429919817266012,1.102299236118296,3.055638335918789,0.4
26,-0.8407334730600425,0.995264940426341,3.1140329670219784,-0.4
27,-0.8583534070328143,0.8511167799045449,3.2017750154844613,0.55
28,-0.9532711765468704,0.8260645113433546,3.1821851433046504,-0.55
29,-0.8310256430190202,0.970372815961877,3.134969475216747,0.33
30,-0.8201445672254423,1.0141726624427123,3.106327255749253,-0.32
31,-0.8952355249926726,1.0361719356635766,3.0632166602763378,0.4
32,-0.8600050816257433,1.0451532379358432,3.0689268534430485,0.33
33,-0.8278390932806208,0.9843438582358518,3.126019681182357,0.33
34,-0.7625762846114341,1.0408884221843369,3.1017570424329586,0.33
35,-0.7950836030347053,0.788254510050617,3.2526313188502103,-0.4
36,-0.8655895900824885,0.6128033064991327,3.306076030640477,0.55
37,-0.9303546675691075,0.540212306539179,3.3081075383721767,-0.55
38,-0.7212435070289033,0.8070341081463808,3.2594715416989004,0.4
39,-0.8149528531194534,0.6207257064869869,3.31716404828868,-0.4
40,-0.7916616778380885,0.4098323832218384,3.376797329175956,0.55
41,-0.6949418429202865,0.40999577394771336,3.394975126754004,-0.55
42,-0.7571933359457569,0.6841795881225444,3.3072236284771495,0.4
43,-0.8642007468157026,0.3133126206664709,3.37214482713513,-0.4
44,-0.8078723946615443,0.1100740488643601,3.3930126722915817,0.55
45,-0.894023674413067,0.045948048890953386,3.3659280719970135,-0.55
46,-0.864082543113995,0.06368505750172156,3.3760123795131545,0.1
47,-0.7841860575688749,0.012647532569784771,3.3909848293781524,-0.55
48,-0.9092358527076414,0.03897317788477533,3.3606297300372208,-0.55
49,-0.9456753040909028,0.31688018652134686,3.3465077718785894,0.4
50,-0.6922990986656214,0.09407901824016551,3.4143115552547614,-0.4
51,-0.6848288892561313,-0.14309770943339828,3.383129782489553,0.55
52,-0.6955083875870941,-0.23847048542498794,3.3567620719041233,-0.55
53,-0.6282620223955848,0.14586803688281452,3.4240774301457826,0.4
54,-0.7004309791768091,-0.15465857896494362,3.3781221845426566,-0.4
55,-0.8463506656628447,-0.3024018853571031,3.303190043267972,0.55
56,-0.8635661832011418,-0.4003114492035774,3.2588655779810134,-0.55
57,-0.5337399569051193,-0.30386313184969954,3.3516445848302134,0.55
58,-0.692118596170447,-0.08872152560819013,3.3930587048714034,0.4
59,-0.4260677867916588,-0.196019519334102,3.384245289421913,0.39
60,-0.5517121932883644,-0.39106576213915073,3.317429686469735,-0.55
61,-0.43801188019340914,-0.2678551847349527,3.3639453913722415,-0.78
62,-0.3795721625919799,-0.3154302475732259,3.3448699192959186,0.39
63,-0.9288067440641916,-0.22002355775197066,3.304509733790417,-0.4
64,-1.0954706343209384,-0.2871657893301754,3.212383176309947,0.55
65,-1.1987373507308767,-0.30268736098726323,3.1485336807072453,-0.55
66,-1.1545255322100936,-0.040414671576006804,3.2475668170445893,0.33
67,-1.0879735741449832,0.0320222650772376,3.2906134732128614,-0.32
68,-0.9087664914567846,-0.13836017537010248,3.332417813885968,0.4
69,-1.1079810933806864,0.0988797451339351,3.286340678822885,0.33
70,-1.0759784832849117,0.038643891506748566,3.296817232132005,0.33
71,-1.028691948152808,0.00870235549305296,3.3141039958371175,0.33
72,-1.016115169592097,-0.3086827195612838,3.2412006652988254,-0.4
73,-1.0047398689562959,-0.5238271363063254,3.1417260131668208,0.55
74,-1.0209527029226526,-0.6044885203243446,3.081427202207778,-0.55
75,-0.924524654621645,-0.2924768865243626,3.2824344793409246,0.4
76,-0.9424059195838463,-0.5663369991326883,3.142117462327847,-0.4
77,-0.9670751313448078,-0.7635603076871406,2.977776186614642,0.55
78,-1.0721237589968298,-0.7259620523829358,2.954897200426552,-0.55
79,-0.9468550625499792,-0.5082281134967381,3.17538091608444,0.4
80,-0.9128377056065995,-0.8631770539044205,2.9011277932459096,-0.4
81,-0.995403656152261,-0.9882887702973676,2.6816894406461387,0.55
82,-0.9249308776815681,-1.0088291727019882,2.6957925821339312,-0.55
83,-0.8159161811505282,-0.8863278114229418,2.9153705714238374,0.4
84,-1.064806039650085,-1.0174934786111036,2.5677466924561,-0.4
85,-1.2108002759426115,-1.0036381033337316,2.4077290761800514,0.55
86,-1.312916912051712,-0.9146650458681626,2.4540836956205787,-0.55
87,-1.0250444540487216,-1.1165954890158143,2.356060549600352,-0.49
88,-1.0973751017273004,-0.9979552015389266,2.573599241623413,0.4
89,-0.9408902482784236,-1.1417280363462674,2.381663173505237,0.49
90,-1.1938687380394526,-1.0411093106231017,2.321321512496286,-0.4
91,-1.314180590602887,-1.0085914262638902,2.023822607076599,0.55
92,-1.1813714029806879,-1.0922041072449113,1.9539305604441588,-0.55
93,-1.3248596838630782,-0.9371241632734293,2.3724081961531525,0.125
94,-1.3321053719004041,-0.8273398466382974,2.5936654020394734,-0.125
95,-1.183654448015487,-0.8474428202440469,2.7348683362382435,-0.125
96,-1.2230313816532945,-0.7087252771886905,2.8618893735188524,-0.4
97,-1.6151674235527613,-0.5227831924888616,2.5514768438104007,-0.125
98,-1.4431306345885202,-0.43614264515259366,2.8777825201111358,-0.125
99,-1.6594500275811683,-0.36153742660195887,2.62980136282002,-0.125
100,-1.5734613216355975,-0.33024288605783203,2.788018824414587,-0.125
101,-1.0866880868885698,-1.1084881529704609,2.279503201430393,0.4
102,-1.1411975170451854,-0.6876764912106585,2.9447032139341007,0.4
103,-1.5947155361508096,-0.22837518567888263,2.8151703744991625,0.125
104,-1.6659275605383195,-0.540734603948849,2.4051821625905947,0.125
105,-1.7333871752478487,-0.27023902696368274,2.553699696705502,0.125
106,-1.3778271339520058,-0.4048090387137913,2.9628591118537893,0.125
107,-1.0560664534334516,-0.9327708682827507,2.72315700709543,0.125
108,-1.4387813552587922,-0.906802684881154,1.907097081966078,-0.4
109,-1.4791041237364841,-0.7832422336772281,1.5680154968106288,0.55
110,-1.6190713346192962,-0.6454715937646844,1.6408876071467233,-0.55
111,-1.467626721245808,-0.8250057514398712,1.6439697823046235,0.125
112,-1.4138617385329213,-0.8987147720927908,1.722998642021925,-0.125
113,-1.452246344288569,-0.8912241319450436,1.8712453918068794,-0.125
114,-1.3174084058243842,-0.9555439326104826,1.6470253550629161,-0.125
115,-1.3982290223878444,-0.9426551443275246,1.921827293651257,-0.125
116,-1.2760966015746338,-1.0027142973969985,1.7126390072316355,-0.125
117,-1.3168568837041512,-0.9977593918749282,1.8416637385558208,0.055
118,-1.2711127504092523,-1.0342313903585718,1.8894022728166437,-0.49
119,-1.5379268963273498,-0.8127083522051062,1.972272693717358,0.4
120,-1.4175985483599653,-0.9282393875693441,2.0129843060607158,0.125
121,-1.2159685501888722,-1.0291191840318177,1.6636679501179807,0.125
122,-1.276063933403365,-0.9488484825306926,1.5426800049679192,0.125
123,-1.516139557223541,-0.8345664141576723,1.9390893586153581,0.125
124,-1.2188845740788092,-1.0706338252742054,1.955614314643659,0.435
125,-1.357241630115042,-0.8044364385226672,1.385165154022462,-0.4
126,-1.4496863613481055,-0.4760184074399071,1.1382222539583224,0.55
127,-1.3535215203416542,-0.503383887074594,1.0590311671505999,-0.55
128,-1.0153119666855404,-0.8441099561723479,1.1126614038435887,-0.49
129,-1.2272008653868278,-0.894506298421593,1.362488640387105,0.4
130,-0.9058687354442739,-0.7719689428808044,0.9822842695355304,0.49
131,-1.5906392217916374,-0.3127896248565671,1.2052597890650025,-0.4
132,-1.551381659945732,-0.019178124675281506,1.0428540807487676,0.55
133,-1.5030232536155421,0.009068081116432826,0.9859889419680918,-0.55
134,-1.6677933207443947,-0.2782439798241602,1.3040284803182691,0.4
135,-1.5360876002489245,0.1027639777944035,1.010104560690298,-0.4
136,-1.3144309999996613,0.38488012526693494,0.8342510103313064,0.55
137,-1.3749628577194297,0.3769635404148053,0.8789059892749329,-0.55
138,-1.585989885853019,0.07239275809592467,1.0693869709222985,0.4
139,-1.1355075425414807,0.47300107894847127,0.7426010931277643,-0.4
140,-0.8499631852014554,0.7588662738708059,0.7282682800446447,0.55
141,-0.8964554423928451,0.7158237052935865,0.7232981570682224,-0.55
142,-0.7659837515085297,0.21461453840669542,0.5776556510115649,0.265
143,-0.5342303536406289,0.006717007654571861,0.558295403833904,-0.53
144,-0.6617556174923767,-0.25618583332960154,0.6238683866593487,0.265
145,-1.1184664445514845,0.4532857532537783,0.7291663548283354,0.4
146,-0.7163719432454703,0.9209566454279172,0.7838660857039019,-0.4
147,-0.4301548553288501,1.073177174549499,0.8696407501494472,0.55
148,-0.34552704753172,1.1158669310340839,0.9128059027061071,-0.55
149,-0.6627864378769929,0.9725661601479259,0.808178585708848,0.4
150,-0.34329321626576315,1.065528630955504,0.8707576503981379,-0.4
151,-0.17458298135942063,1.154354709344043,0.9847798510002316,0.55
152,-0.26562601550898046,1.1415304921381177,0.9493074618124719,-0.55
153,-0.4054698235982658,1.033153203707352,0.8397742468704907,0.4
154,-0.07207812824178816,1.2043374217412657,1.075631421654707,-0.4
155,-0.03777761566775917,1.170997515014154,1.0546336985625053,0.55
156,-0.08448633700770594,1.1820121173740785,1.0456180726481372,-0.55
157,0.13241506914264542,1.2370332842515093,1.24278692887955,-0.49
158,0.006357429512535706,1.204865308962896,1.1155003655015434,0.4
159,0.1816745813745632,1.2252780557863234,1.2685235363060103,0.49
160,0.045508081873038814,1.0882255554599087,1.0135124493175374,-0.4
161,0.034496491834089586,0.9225936388821685,0.875267803648873,0.55
162,0.07260680432974871,0.8598254114575195,0.8529867306419737,-0.55
163,0.20316149578147424,0.9453274175296861,0.9872079358996088,0.1
164,0.16792578216049048,0.8853475258176291,0.921231914706087,-0.55
165,0.2449692113767651,0.9756520613378834,1.0420693966963943,-0.55
166,0.08853570192014751,1.0715554282290622,1.0220975849852616,0.4
167,-0.032148590129673686,0.900696132250846,0.8326611868573335,-0.4
168,0.00045465290274808727,0.707872585600793,0.7430866943315334,0.55
169,-0.024067480344402006,0.6311265188228804,0.7035825723428222,-0.55
170,-0.048149321011688964,0.9448787955197293,0.8556429567932023,0.4
171,0.09019013801672626,0.6995908254987347,0.777851600433017,-0.4
172,0.20203705248931395,0.5486351518577142,0.7787787439274002,0.55
173,0.22813330171521315,0.441053479090344,0.7647504824838741,-0.55
174,0.26949310710235397,0.7100310394703273,0.8848885591399679,-0.49
175,0.10046249109767214,0.7558870381490096,0.8091660563076195,0.4
176,0.23343252500814302,0.7455476913073671,0.8790333696467928,0.49
177,0.20517397116904787,0.6239321927682564,0.8069264910020637,-0.4
178,0.18340547186690204,0.4681946417060779,0.7462035605411579,0.55
179,0.23666957468508648,0.3564127871763743,0.7537756794876161,-0.55
180,0.17437418041063601,0.7087180154735405,0.8253855449679186,0.4
181,0.05500937246237845,0.482872101302719,0.6892362001635975,-0.4
182,-0.1173965985313005,0.32314908225379857,0.6035523791679455,0.55
183,-0.18641668111670462,0.22393770961126727,0.5797893171931833,-0.55
184,0.025076540276250017,0.5553585317869867,0.6968870611098739,0.4
185,-0.10112053041781333,0.3839789433136977,0.6161427133079771,-0.4
186,-0.10875041778443079,0.22005767436735796,0.5980948613298763,0.55
187,-0.009588649699399454,0.19952211833371417,0.6278030436386995,-0.55
188,-0.1770151554617798,0.4041103064049386,0.6006892474783845,0.1
189,-0.26230235290633996,0.368082703860645,0.5791655003197503,-0.55
190,-0.14022286449481128,0.4295847450624699,0.6138535096751148,-0.55
191,-0.05429787099487431,0.45634303101939006,0.6434645280092005,0.4
192,-0.18435705376948597,0.14498431206251414,0.5792562667385731,-0.4
193,-0.12922854998297817,-0.052268818525622866,0.6091245781852339,0.55
194,-0.08172169441538656,-0.024194391504741966,0.6178786543903501,-0.55
195,-0.26010971446612285,0.1683720057618818,0.5652798753581104,0.4
196,-0.1534772111915635,-0.15678313787364787,0.6238143214593761,-0.4
197,-0.011044317835413332,-0.27745986887813595,0.7014943211482317,0.55
198,0.025408677672407533,-0.3350142398880753,0.7369270533929271,-0.55
199,-0.32533211813996155,-0.473672587374875,0.7079756576106102,0.55
200,-0.18320796604015488,-0.16504004012824472,0.6190118673899273,0.4
201,-0.14735681072765702,-0.426531275526221,0.719226935934279,0.39
202,-0.4242147170213268,-0.5294922162099693,0.7291099677097146,-0.55
203,-0.22543466857369562,-0.4785680884125567,0.7265535157634408,-0.78
204,-0.22798304787567855,-0.538315451050081,0.7583931529397063,0.39
205,0.05067049156786832,-0.23389932107879444,0.7111987605910356,-0.4
206,0.2262309268001677,-0.16110316890101395,0.7771115640103089,0.55
207,0.3164488203118818,-0.1684348539271947,0.8364969111366837,-0.55
208,0.16205750912123185,-0.11903286033676178,0.7316103484646892,-0.49
209,0.019224529474398722,-0.1978474524017924,0.6879346821930122,0.4
210,0.12409488718783379,-0.08852708568452067,0.7064791997546644,0.49
211,0.1803361024487324,-0.07225036952535135,0.731304480992916,-0.4
212,0.329316883164963,-0.017602407734260406,0.8116968087461709,0.55
213,0.31151971394962086,-0.12958361092152268,0.8225355456732345,-0.55
214,0.10302755404138404,-0.06762955768567451,0.6928070044317437,0.4
215,0.42408966690125044,0.05998209787210203,0.8726015519136102,-0.56
216,0.5250634709056768,0.028280785792403985,0.9663298347203133,0.28
217,0.5374598773118721,0.02027233767727357,0.9797886698385432,0.55
218,0.6026837272292874,-0.06828602677790267,1.0682543255151948,-0.55
219,0.43132490171778626,0.1812295873252682,0.8734229253832764,0.28
220,0.4722125567771138,0.12413248480717397,0.9088682076904036,-0.4
221,0.31319349683485465,0.05896733997948964,0.7913779967335426,0.55
222,0.24449436893894508,0.08641099115074777,0.7465297761200662,-0.55
223,0.41535014865813386,0.1926018783307292,0.8607639917378465,0.4
224,0.23723349636707455,-0.042308483310865654,0.7573932152108566,-0.4
225,0.0885815031626171,-0.3454416442947654,0.7686500085126046,0.55
226,0.07896319183761441,-0.4428048133616189,0.8096415974614823,-0.55
227,-0.25434797282342025,-0.07773419946327605,0.5874140890821199,0.35
228,-0.3792036815698041,-0.13125587186135995,0.5832100532260353,-0.35
229,-0.40511383865251815,-0.07749901194103136,0.5712542653090597,0.35
230,-0.3360332244989651,0.022439507777684997,0.5629148453968712,-0.7
231,-0.49722050548154173,-0.12786505280817662,0.578948836045654,-0.7
232,0.285923193815058,-0.04442264597278403,0.7874341751284499,0.4
233,-0.44318422705313343,-0.21389022919888512,0.6001164068922326,0.45
234,-0.2626402054697267,0.06851213796025055,0.5683137751070938,0.4
235,-0.3581567605344478,0.050002666050605576,0.558322937970787,0.4
236,-0.5515527473031849,-0.20154325829050923,0.598097718661186,0.4
237,-0.5091161173500656,-0.09273585282840942,0.5722461869431367,0.4
238,0.10522439998051124,-0.39907559873510684,0.8006267917943074,-0.4
239,-0.0865550577134226,-0.715962195973397,0.9207955103625495,0.55
240,-0.19103355010882775,-0.6242786767413465,0.8203242664161101,-0.55
241,0.11113785306875466,-0.2872404878254893,0.7563876560443028,0.4
242,-0.1722208725719132,-0.8780245755062208,1.0461502331559278,-0.4
243,-0.39543224614467065,-1.1160591858295899,1.3385063836587574,0.55
244,-0.3075968718499116,-1.1565138970938595,1.445644313415178,-0.55
245,-0.5154431624314764,-0.9579914679615174,1.0893631044044463,0.125
246,-0.4953978414223027,-0.8240805568774547,0.9433144474500751,-0.125
247,-0.3465109403518738,-0.7934156327238642,0.9233903869996635,-0.125
248,-0.6377495449424684,-0.7130122304507132,0.859105926074077,-0.125
249,-0.33846493181768794,-0.6797346872550002,0.8320219077880243,-0.125
250,-0.6090069717487786,-0.5910096281986121,0.770566041476045,-0.125
251,-0.4608311197803821,-0.5857543315348883,0.7607443579798985,0.055
252,-0.44681235756878995,-0.4840143538368118,0.7042398510087118,-0.49
253,-0.09204748131345615,-0.9041402726032972,1.1069852308628876,0.4
254,-0.25015590663959636,-0.6633198287134277,0.8343377804015255,0.125
255,-0.7001667222396997,-0.5076028921076459,0.735083898672764,0.125
256,-0.7660763625002915,-0.7143343229204939,0.8855613474585703,0.125
257,-0.25304266519925694,-0.850736174864154,0.9947834981467786,0.125
258,-0.4398537850719268,-0.52809485453972,0.7277375679727722,0.435
259,-0.5199166626532016,-1.1633316534043876,1.4362924312943566,-0.4
260,-0.6714154954360837,-1.2488660297458183,1.7980791330566241,0.55
261,-0.8617431374378756,-1.1992456098540318,1.7330526367217314,-0.55
262,-0.6324017736217001,-1.0999825293188636,1.3194515578174093,0.4
263,-0.5534876102977212,-1.2706375411603237,1.913691606058423,-0.4
264,-0.6935012389173287,-1.247794282466149,2.166080400506277,0.55
265,-0.8216861515794467,-1.2188219747348414,2.192827568280968,-0.55
266,-0.40057595618237285,-1.262602969876559,1.823351467274132,0.1
267,-0.42064017877887594,-1.271650517632143,1.9218940547602597,-0.55
268,-0.3052810954285773,-1.241002017808885,1.7355616186986946,-0.55
269,-0.40274363016410686,-1.2720121273752767,1.9562688018439691,0.4
270,-0.5755488952077051,-1.2369934196850476,2.3027241393009272,-0.4
271,-0.5042269395874449,-1.1256380834821385,2.6276870541288844,0.55
272,-0.3371685630198095,-1.1310448782279252,2.6004344653131697,-0.55
273,-0.5884650672672141,-1.1555200969130872,2.553373586810283,0.1
274,-0.5642415230366499,-1.1979914669515699,2.4459082308899323,-0.55
275,-0.5930258874965081,-1.1168563867835835,2.63590055820054,-0.55
276,-0.45222054921637156,-1.2460607415647613,2.2736629094069936,0.4
277,-0.5888028488608767,-1.039042961106693,2.7722559873001416,-0.4
278,-0.49343718666365294,-0.8918861976887492,2.9681993675417933,0.55
279,-0.6179911737316758,-0.8808162533175751,2.970550320435963,-0.55
280,-0.7066720508899584,-1.028056544629475,2.7638846820034875,0.4
281,-0.3521790465446635,-0.8673999257519012,2.9859063651664295,-0.4
282,-0.2788840522975124,-0.7241497888786951,3.1051498458275506,0.55
283,-0.15577377894938105,-0.7073288695328298,3.0892948411610512,-0.55
284,-0.2581569243963104,-1.0579436909523332,2.716783224907497,0.33
285,-0.15261435958690628,-1.0023653988428374,2.7666815922520516,-0.32
286,-0.24695947493122405,-0.8691683584587981,2.9647186889099917,0.4
287,-0.17298183941556966,-0.977067272170949,2.8114149078567383,0.33
288,-0.0890110187493268,-1.0183684228232497,2.710953135698846,0.33
289,-0.12145541629500284,-0.9664410228235005,2.8052154820503534,0.33
290,-0.355069298751891,-0.6373004737215835,3.179867792993762,-0.56
291,-0.28827953922009014,-0.530854488422439,3.236803537627736,0.28
292,-0.2513064326044474,-0.5547648332058268,3.2167745465662776,0.55
293,-0.30935426888678474,-0.6178632213628928,3.1871304300678767,-0.55
294,-0.5052365599503242,-0.6219532419198579,3.1963937258935076,0.28
295,-0.1601448377181979,-0.49827804278485105,3.2282428893836297,-0.4
296,-0.19006070519366924,-0.4463979505100037,3.2619626267646904,0.55
297,-0.2214962329823504,-0.37390421619043956,3.3010623953478326,-0.55
298,0.01072611889525934,-0.3832628087045098,3.228713079034714,-0.49
299,-0.11507410360897743,-0.4425110673470499,3.24437295869934,0.4
300,0.0018443160853532704,-0.3547840382624211,3.2444339951357066,0.49
301,-0.20397074135631935,-0.4660892323099171,3.2553939510155603,-0.56
302,-0.2489522076877361,-0.40568955863413836,3.292668069091351,0.28
303,-0.2017446715902417,-0.3151754596239109,3.3198028390318584,0.55
304,-0.24609507310733272,-0.2536652664894637,3.348936038717738,-0.55
305,-0.18935837602504516,-0.5408122213493582,3.2117556832986525,0.28
306,-0.11310934938495408,-0.30597370316410766,3.3014436622356067,-0.4
307,-0.06582507017744917,-0.15014260253587133,3.3339133482492738,0.55
308,-0.02383933320534011,-0.07212578573791455,3.336458400068886,-0.55
309,0.005372296353951533,-0.24438935855432217,3.283547079340936,0.1
310,0.03737244424380553,-0.18267939099103134,3.2892828819209314,-0.55
311,-0.05466084788714962,-0.2779377684628935,3.293557116399064,-0.55
312,-0.08130302309732299,-0.3569548213699809,3.2724372576602208,0.4
313,-0.11595777286372609,-0.17772487369339168,3.341630677185341,-0.4
314,-0.04594620702703729,-0.09891715891932523,3.338744455113679,0.55
315,-0.03411688568419322,-0.01228274750016527,3.349154768894647,-0.55
316,-0.14772487157704425,-0.24483372180146312,3.33099057635118,0.4
317,0.01909732357936962,-0.1837702160346118,3.2961274726562753,-0.4
318,0.05484207997519741,-0.2864915965075833,3.249484205274992,0.55
319,-0.05217112765443304,-0.3351858352833316,3.271749888132184,-0.55
320,0.25040133114300334,-0.16840342714144022,3.186602589956367,0.1
321,0.2675949997796737,-0.06985095491628028,3.199492540316746,-0.55
322,0.27185195058242295,-0.20007071476486998,3.163786452181947,-0.55
323,0.007906614940706814,-0.23523425334662418,3.285472138680717,0.4
324,0.13022065894164755,-0.30986179321121793,3.2057889846745753,-0.4
325,0.1712970622095627,-0.5008643331724665,3.088874229811767,0.55
326,0.29325141902525953,-0.4547481155621069,3.035535458728478,-0.55
327,0.21920849519548666,-0.2655089604966816,3.1740057604738006,0.4
328,0.10920704728759167,-0.6258441800183268,3.0397576266286173,-0.4
329,0.11082382378241853,-0.8063683338620988,2.8738138674294924,0.55
330,-0.035544698041941825,-0.8469730794278457,2.9131001543527413,-0.55
331,0.11229354301434613,-0.88848172553408,2.772774978342205,0.1
332,0.09816329545159448,-0.8394712930571953,2.8446241752485477,-0.55
333,0.08390881277092205,-0.9575114991393211,2.6936035000855445,-0.55
334,0.01579757539943305,-0.6431228077666256,3.074317783528072,0.4
335,0.21541669788263312,-0.8208619397777597,2.7761499511148977,-0.4
336,0.18328036092388686,-1.0049710868503143,2.5037686738409857,0.55
337,0.3109349938255272,-0.9582795644038946,2.4206392926091316,-0.55
338,0.32070328034662954,-0.7673056668184369,2.740571111714733,0.4
339,0.035890045041786056,-1.1029604757373193,2.435624554744604,-0.4
340,-0.012198815231555395,-1.1917712643945273,2.1013014479676175,0.55
341,-0.1559451961699511,-1.2325548708361052,2.1077379498896835,-0.55
342,-0.08294401927597357,-1.1196548739137533,2.504319244761108,0.4
343,0.08041443962822276,-1.1601195138800304,1.9445796341703347,-0.4
344,0.043006862424587934,-1.1251600071342056,1.6237068022171302,0.55
345,0.10662313806432291,-1.1112137482514006,1.6747693440358518,-0.55
346,0.16452690802562256,-1.1216402885937453,1.954076489937987,0.4
347,-0.03535747546648391,-1.1002133860504446,1.4666227190882184,-0.4
348,0.039434269577364046,-0.9470649877605581,1.237362688163586,0.55
349,0.018732036116715457,-0.9008065495642628,1.1602380486018176,-0.55
350,-0.4579146990417935,-1.1373377804479117,1.3767161235106362,0.55
351,-0.1050760280734132,-1.1053504595864276,1.4260085882196265,0.4
352,-0.5079354567342346,-1.2106120077370284,1.5664956413985456,0.39
353,-0.5004457553516014,-1.077089982352794,1.2621379340714183,-0.55
354,-0.5459036141051533,-1.178060434429879,1.4757386207976175,-0.78
355,-0.6421582250406433,-1.1616081602029713,1.454637517719699,0.39
356,0.11219263383854061,-0.894731941752843,1.2157977095212846,-0.4
357,0.138533292994613,-0.7661994224314255,1.0822978126347236,0.55
358,0.1398964777993843,-0.8203367169354291,1.1425071688766815,-0.55
359,0.42713097192559046,-0.3757021926940739,1.0103021377411356,0.33
360,0.3219910377786499,-0.37005017638603527,0.9196194967289698,-0.32
361,0.11508102849303717,-0.9297122370144602,1.2685813741755987,0.4
362,0.26807636181864697,-0.34239899321534145,0.8682660044239339,0.33
363,0.3395805584021976,-0.30780382878375945,0.9036374797460307,0.33
364,0.28266907183833484,-0.4503636716309865,0.9342856072061162,0.33
365,0.10308696639160574,-0.6894397667500274,0.9880266982865925,-0.4
366,0.18637255080640697,-0.6249135349464489,0.9869107920273534,0.55
367,0.2393390229627529,-0.5392387612594368,0.959891719764626,-0.55
368,0.0028910405354261926,-0.6139400939180674,0.8789147183373647,0.125
369,-0.06658249496389086,-0.6446946666797211,0.8729227498665012,-0.125
370,-0.16674515892563502,-0.6945304697468171,0.8776378795056425,-0.125
371,-0.19151617634714424,-0.6974413743794499,0.8731935370564203,-0.4
372,0.039170818609471164,-0.5726826239748689,0.8671152016545793,-0.125
373,-0.11377666479592366,-0.6490104419121834,0.8596549133723015,-0.125
374,0.033500606365854946,-0.5693064850549074,0.8622960896589847,-0.125
375,-0.0389033812972655,-0.607256575830601,0.8570530135356084,-0.125
376,0.09199599148032407,-0.6342933049521648,0.9372841362101023,0.4
377,-0.2511247141225665,-0.721549879489809,0.8782942690415996,0.4
378,-0.03649139159478976,-0.6019778567940561,0.8544028284663517,0.125
379,0.09586955891951005,-0.5404001454629296,0.8740021228955259,0.125
380,0.0810639953856926,-0.5381283929283865,0.8650513691377614,0.125
381,-0.16269933177236617,-0.6705514702149998,0.8605997163311191,0.125
382,-0.2150345264822219,-0.722231159807129,0.8869060479491111,0.125
383,0.20951821732077552,-0.6676086142205842,1.0385159174434573,-0.4
384,0.2945949017056818,-0.6025086771275806,1.0491889534690357,0.55
385,0.3201866632865549,-0.5295885599882949,1.01443202746696,-0.55
386,0.49878458117202285,-0.6027280460043463,1.2643490299503877,0.1
387,0.4974982320221803,-0.6681808749676521,1.3388307882468504,-0.55
388,0.5608660668966258,-0.5169619290105375,1.2648550453111949,-0.55
389,0.16605136067186424,-0.7224884495113545,1.0579151370282849,0.4
390,0.26415716962119495,-0.6616168457910908,1.0751774450318627,-0.4
391,0.19096719416301974,-0.6890463673936967,1.0443108758671409,0.55
392,0.1804632428577012,-0.7414496124743648,1.0867608197020313,-0.55
393,0.345003028571166,-0.6276557140936471,1.1152999969647517,0.55
394,0.24486725490390926,-0.711913828282026,1.107188339092918,0.4
395,0.3047683691890239,-0.6441216416023807,1.0936395686387417,-0.55
396,0.40680539557417666,-0.5821150644802814,1.1358535163213006,-0.78
397,0.4373467899481157,-0.5675029348344175,1.1556622663186213,0.39
398,0.4139842329809009,-0.5658098520396321,1.1292189256958223,0.39
399,0.134930250943294,-0.6652580154551444,0.9866989167898679,-0.4
400,0.01265753769862581,-0.7651818467398777,1.007236815597411,0.55
401,-0.05468308236328889,-0.7931371965916455,1.0026797269027297,-0.55
402,0.14399873042548564,-0.620966637438016,0.9569722418828412,0.4
403,0.04609115682651437,-0.7884441305328889,1.0477632411567088,-0.4
404,0.004784153049511098,-0.8598864442630445,1.1023264269067024,0.55
405,0.06518881394526925,-0.8118932158920563,1.083376859186644,-0.55
406,0.12561458424434938,-0.9310794016352086,1.2795172096127665,0.1
407,0.11972575406723296,-0.9286597461839942,1.2708349439904305,-0.55
408,0.1405409486263964,-0.9626806100924112,1.3449714357844655,-0.55
409,0.10181494184409345,-0.7615206808941748,1.0536519892144809,0.4
410,-0.05935882478964834,-0.9165164358744475,1.1376039798491813,-0.4
411,-0.013476696084851981,-0.9815974156518108,1.2547850753473595,0.55
412,-0.053304004383988884,-1.0358207042253402,1.3201923120519625,-0.55
413,-0.1913661928655356,-0.9659750118212991,1.1469641512808813,0.29
414,-0.2386216184816136,-0.986009123426094,1.1593358839249475,-0.29
415,-0.10315682406111915,-0.9443158613830894,1.1530232057292096,0.4
416,0.08366794042128572,-0.946753750679882,1.269443149079076,-0.4
417,0.13494164402540962,-1.014710332104875,1.4398052473703151,0.55
418,0.09110629907105149,-1.0165773846893384,1.3981124268738325,-0.55
419,0.11031783002030196,-0.8939508008358727,1.2132977583089368,0.4
420,0.16229981132508683,-1.04569833540196,1.549441879408354,-0.4
421,0.2650376312873512,-1.0372061759465068,1.7216738578361626,0.55
422,0.3173762330074443,-1.007293897519607,1.7402482123994194,-0.55
423,-0.10755465421068613,-1.2173374209300818,1.840215573871193,0.55
424,0.18859120118974532,-1.0381434032854686,1.5682537105350747,0.4
425,-0.20662197472803592,-1.2165282387489542,1.6921003123702338,0.39
426,-0.09108417768532694,-1.2201371007132487,1.9438287170301412,-0.55
427,-0.1941567898631476,-1.229180023081383,1.7741357249948937,-0.78
428,-0.24063706239524182,-1.2429866779799685,1.8102332299519472,0.39
429,0.3009709179178388,-1.0225012303727072,1.761228403377066,-0.4
430,0.38877126925938027,-0.9829203229833496,1.983785300199896,0.55
431,0.31282778009896256,-1.0365667189702499,1.9955950678430519,-0.55
432,0.5560190021083142,-0.725086963084198,1.5341127129678913,0.33
433,0.5686474116783538,-0.6477038196994638,1.4300078130932168,-0.32
434,0.24643533099598205,-1.052240257955844,1.7390943541355695,0.4
435,0.6318327975711125,-0.578791001333266,1.4565352591322576,0.33
436,0.5509118749545228,-0.6262507986500941,1.3695244712244212,0.33
437,0.5233800122892919,-0.678851748485457,1.394358467377781,0.33
438,0.44194869096859163,-0.9361314774475149,2.0910403784211433,-0.4
439,0.5311840551097118,-0.8131393679738448,2.2964644011794206,0.55
440,0.5990011584380802,-0.7516655543812114,2.252380958042298,-0.55
441,0.16869211159009964,-1.0433002495595844,2.427920079002253,0.33
442,0.08947930833480343,-1.0650908745705177,2.4749048461558973,-0.32
443,0.48623989968951886,-0.8994884670394271,2.0677486757961185,0.4
444,0.06639448981794586,-1.041001306416904,2.555440035704766,0.33
445,0.024168713343191064,-1.1080330192479593,2.434565670959686,0.33
446,0.12634439790605187,-1.0533555703742337,2.4596042624655263,0.33
447,0.5365431831135321,-0.7722658480327678,2.3919129677395916,-0.4
448,0.5731884677088686,-0.6003428346343308,2.6057645165171373,0.55
449,0.4786824853758657,-0.6584239441934687,2.6805644522794396,-0.55
450,0.46555283982441803,-0.826205665654115,2.4334485640924908,0.4
451,0.6079874346827219,-0.5095252785507436,2.650147454224948,-0.4
452,0.5860082351454012,-0.31719826092832343,2.830546867076016,0.55
453,0.6618073269166839,-0.23079532143187917,2.774425563626291,-0.55
454,0.6637299274104359,-0.4744245301515777,2.5879961048461326,0.4
455,0.5157772110742419,-0.2823075771436146,2.9302132152711704,-0.4
456,0.46379670619072394,-0.07191242111361551,3.0529183496613204,0.55
457,0.3682018363338787,-0.12764576297406216,3.1175878141112126,-0.55
458,0.4427615411490051,-0.35367827658391204,2.967194403173111,0.4
459,0.5099594451753825,0.02564674629444823,3.02808353451469,-0.4
460,0.39059087186715447,0.17921814536231623,3.1388093871625493,0.55
461,0.4120596080950448,0.28111903481550965,3.1165293572860797,-0.55
462,0.5692379080440086,0.046752955400721025,2.9709146796352948,0.1
463,0.5975902990951754,0.13490315410965628,2.9467281257601616,-0.55
464,0.5485795162439849,-0.011743903419857184,2.983793309481342,-0.55
465,0.5769457649819063,0.06279301774081905,2.9644525395940904,0.4
466,0.30479289047249725,0.166107114921966,3.199147931196343,-0.4
467,0.2667873268778877,0.3613939720193804,3.207618844689487,0.55
468,0.3348334268563748,0.3432505991808581,3.165996308261181,-0.55
469,0.10805655667651895,0.109267933493783,3.3049161611399316,0.33
470,0.03350015000741733,0.08342457444100831,3.3344538701034128,-0.32
471,0.2918380089208479,0.0934071943614259,3.2052244274716983,0.4
472,-0.0029344535431857113,0.02893793439968813,3.343361351216843,0.33
473,0.056806052263873946,0.06556727599023929,3.3240682307134137,0.33
474,-0.005404789963230705,0.13934015875270878,3.350988726407776,0.33
475,0.21402194216373244,0.4615253798969054,3.218728025833518,-0.4
476,0.13390289150261162,0.567753863615976,3.2313080731240618,0.55
477,0.07082741918003883,0.5118644140018541,3.276870059731676,-0.55
478,0.1695841109973391,0.712693858832272,3.1555911035256132,-0.49
479,0.15501970425800585,0.47548145411607656,3.2469209063853977,0.4
480,0.16128544901805075,0.6916869310906432,3.169746546876637,0.49
481,0.12344585673971196,0.6399557032207295,3.2108747410930736,-0.4
482,-0.03891754900778404,0.7091975189421307,3.2509748750866665,0.55
483,-0.11549118741549368,0.713343715066804,3.2734805415803665,-0.55
484,0.2891807030174948,0.6485496368436077,3.1101089111967433,0.33
485,0.3142004992601061,0.6821921768370203,3.077188439727162,-0.32
486,0.17036944507099838,0.6764042107964038,3.1714631127888775,0.4
487,0.2780921686491813,0.7450090625049732,3.0714006070669777,0.33
488,0.3714173151691159,0.682489846833729,3.032806059437471,0.33
489,0.3066584804091419,0.638707170379536,3.1021188588336237,0.33
490,-0.023521238552372117,0.7516621062550256,3.2262791694075883,-0.4
491,-0.1316000376079259,0.7283870715239452,3.2714707620369765,0.55
492,-0.057525278100695326,0.6986288293796424,3.2618069023349108,-0.55
493,0.04580157989987308,0.7472425354530112,3.2005191853603723,0.4
494,-0.23292388817379234,0.6865456924390714,3.312055357262597,-0.56
495,-0.2792921557680196,0.5964445039115897,3.3516583129917303,0.28
496,-0.2909606724018875,0.6168706242333594,3.346732162150626,0.55
497,-0.28553293211523534,0.5195023137328452,3.374455865702746,-0.55
498,-0.3044066322997466,0.7052944243619296,3.316009123000782,0.28
499,-0.31660388502442205,0.7386902397309131,3.3035424442705956,-0.4
500,-0.19421269818266496,0.8356525011700495,3.2350101686452066,0.55
501,-0.18981870765534842,0.8999375978546601,3.1972440542624194,-0.55
502,-0.32131357880255174,0.7987050213699501,3.276358783312563,0.4
503,-0.0756406439310977,0.8064634591268954,3.217294505335869,-0.4
504,0.16776736854573812,0.6904611587025595,3.16674249273926,0.55
505,0.142523085559528,0.6241142652971265,3.207313148896999,-0.55
506,-0.09311585782973207,0.7647329195327011,3.2436791612182065,0.4
507,0.2772066517745757,0.644979352373872,3.119761004147552,-0.4
508,0.4916363460316956,0.5159434137368083,2.9959960113034434,0.55
509,0.5282616567389968,0.6140880342620938,2.9181064275638904,-0.55
510,0.34217170325323754,0.36100254778016083,3.158067148913511,0.125
511,0.18931041951423008,0.31371187121654753,3.258324344041931,-0.125
512,0.062080070681939326,0.3914453484163571,3.3068550898254245,-0.125
513,0.1564686121595715,0.20605001450034433,3.2828725509502217,-0.125
514,-0.09454044015510071,0.34550499480994645,3.367698451710299,-0.125
515,0.02011078267736659,0.17112912321598656,3.3420922363159877,-0.125
516,-0.1030812979505456,0.23267040345514856,3.37999048651096,-0.125
517,0.3023349592475225,0.7121488759672163,3.071178728964234,0.4
518,-0.2028645725679069,0.20703506368181668,3.404266587133634,0.125
519,-0.2037613112931005,0.40104783073988975,3.38555045963211,0.125
520,0.006965983935686815,0.10740076184273023,3.3455730293316024,0.125
521,0.22845212119115282,0.162112403201242,3.2454287777554445,0.125
522,0.07627713318557738,0.489754411068849,3.280250402139689,0.125
523,0.5454147841115925,0.42881553444366605,2.968641004485889,-0.4
524,0.7007803428084697,0.29731202820031,2.8062581209416315,0.55
525,0.6691225087206436,0.17992811403412498,2.859964739271036,-0.55
526,0.523596898468747,0.5574038093559465,2.9482388489233253,0.33
527,0.4971663859608252,0.4808632941364066,3.0021661985816905,-0.32
528,0.5095960009167863,0.36762535017655784,3.0187024245483642,0.4
529,0.5376274624178892,0.44375475569683726,2.972658957184294,0.33
530,0.4545213415839917,0.5139921090451894,3.0312390714832085,0.33
531,0.4777350584031731,0.42860530934242125,3.0350611034882053,0.33
532,0.7731118634344001,0.31378307515068543,2.6868323976620525,-0.4
533,0.8752740637384928,0.21342480281857706,2.478153725260996,0.55
534,0.8789575131055756,0.32942796037495486,2.44179018955254,-0.55
535,0.7809295096546712,0.41300812266847764,2.6434361238224096,0.4
536,0.894855961652965,0.1020061252350037,2.417410945841934,-0.4
537,0.9367052101868165,0.01365833717327698,2.205512601229107,0.55
538,0.9233608802883211,-0.08733226915556505,2.197055523233553,-0.55
539,0.9343772194364335,0.11146621212667865,2.261152053771823,0.1
540,0.9495538635791108,0.15668860041705296,2.1725682491974228,-0.55
541,0.9289119226957099,0.09034491227475279,2.2835318370786646,-0.55
542,0.8772405796825691,0.011687887224125905,2.4492285620055387,0.4
543,0.9491380970720833,0.041722152440086306,2.1273703129494383,-0.4
544,0.9504637502906604,0.023937902115453793,1.8886976064990297,0.55
545,0.9589676404957814,0.14057807270841102,1.9146389798340486,-0.55
546,0.9528273253523111,0.1347905664773641,2.1416954040262786,0.4
547,0.9293105573412235,-0.020689002281646364,1.754299861219074,-0.4
548,0.9080671469650228,0.21052982708037146,1.6047414105688333,0.55
549,0.8769470647742253,0.30711292082751673,1.5250469496724346,-0.55
550,0.9165066162624808,-0.09787897254789293,1.7522529071721729,0.4
551,0.9263220966249897,0.23687109141064294,1.6827064776822853,-0.4
552,0.9088715217401045,0.4750541230783977,1.7590546813582808,0.55
553,0.8770686788218214,0.5870706425220128,1.7467112512092156,-0.55
554,0.8724429807319052,0.32123890363927454,1.5164631723914916,0.55
555,0.9376656943148138,0.16452417346962173,1.7307105505844345,0.4
556,0.8977469853820275,0.25941665222944593,1.5772621459202292,-0.55
557,0.8306475220989157,0.32327860193909536,1.411259183282297,-0.78
558,0.8009659800332831,0.3756734165970575,1.3632676878711623,0.39
559,0.825118678890254,0.27467723113837544,1.3881600233394278,0.39
560,0.9270891917736865,0.4388227179832825,1.837083045275965,-0.4
561,0.9147668073934793,0.51530373304065,2.0928072568435483,0.55
562,0.9366365793700727,0.39424717538925846,2.1266814674574364,-0.55
563,0.8137449528029816,0.6937098898517466,1.6347680775133335,0.1
564,0.79221543399339,0.773027670686934,1.6872510170482031,-0.55
565,0.7516784102722549,0.7416544991762195,1.5102050233326876,-0.55
566,0.9443720396951658,0.33225785759179616,1.8452362557008826,0.4
567,0.8731196425961812,0.6239881598887186,2.1839073795563224,-0.4
568,0.7957653540940347,0.650348335921116,2.4550886207675315,0.55
569,0.7618655985781423,0.6227444838840244,2.5623790518253937,-0.55
570,0.7992877797554913,0.7564931677285346,2.2957020167243285,0.55
571,0.8409833630955419,0.7202541848532551,2.152360049456051,0.4
572,0.7643337225096095,0.8369693162677616,2.273516990801599,-0.55
573,0.7888508427277307,0.7747761048619675,2.3033374843924554,-0.78
574,0.8114467621102268,0.7161120755862558,2.318854036548233,0.39
575,0.754506704992937,0.8450565885770376,2.2963623040222436,0.39
576,0.7685888622014696,0.7281780500880863,2.4413099404704655,-0.4
577,0.6645093121031953,0.8100718502000505,2.5852388530708743,0.55
578,0.7144995317096674,0.837126387467964,2.439209367222796,-0.55
579,0.49222558769795477,1.0371427354518594,2.6029310428142165,0.33
580,0.42457591418135054,1.1088613281729602,2.6005771559026845,-0.32
581,0.7945889009070359,0.7445960262076442,2.335462884526741,0.4
582,0.388222782054019,1.174845960763658,2.545575714059064,0.33
583,0.37222095142973055,1.1053828855249892,2.6765784562162436,0.33
584,0.459264932186231,1.0919608059827643,2.573389110181056,0.33
585,0.5818685572733174,0.774796509478043,2.7521490833305915,-0.4
586,0.3116136863921508,0.9209100888946375,2.929796766095979,0.55
587,0.26273337262938823,0.86868563869238,3.006993751688093,-0.55
588,0.5473290134564246,0.7314304438438015,2.8289847613441403,0.4
589,0.18427404763954264,1.0797198717748113,2.8867410440820587,-0.4
590,-0.2265920647494738,1.1358216086153334,3.027370739575369,0.55
591,-0.28815296635131615,1.2179591196715296,2.958372972289579,-0.55
592,0.22517160738198588,1.137754260309925,2.7892487983451653,0.4
593,-0.35658860249129726,1.0281193521499834,3.1399229824383306,-0.4
594,-0.7244938834748208,1.0960764498806714,3.065431082548527,0.55
595,-0.687980505380386,1.0984987713553593,3.070984563484367,-0.55
596,-0.30057299771273027,0.9802714560514009,3.167027579059208,0.4
597,-0.8691170364935519,1.1748769709189355,2.945230634155769,-0.4
598,-1.0943272560696051,1.1373929049188172,2.862269965074259,0.55
599,-1.0892584905395641,1.1526936463240154,2.8485609815379274,-0.55
600,-0.9140865710150511,1.177740456022098,2.9225848345437835,0.4
601,-1.2125789138667389,1.0165914753991332,2.8963760550699593,-0.4
602,-1.422889220127945,0.7522109864511297,2.9111920239625446,0.55
603,-1.4617145144225394,0.7068882080392703,2.8982312453583483,-0.55
604,-1.4619949661755662,0.9160022829990391,2.7349050989538783,0.1
605,-1.419881382811983,0.8738909218341334,2.8249111396365896,-0.55
606,-1.5422498578570363,0.902299525513887,2.6312720257450013,-0.55
607,-1.2194599525527983,0.9839529288050448,2.9204717821472155,0.4
608,-1.4518106241784776,0.6520441768436047,2.938900316168063,-0.4
609,-1.5358723475429625,0.43949122516135297,2.9339119992813725,0.55
610,-1.4762037413665485,0.49364600531888564,2.9804212129516507,-0.55
611,-1.5021280491184066,0.18886240499294993,3.007210913332019,-0.49
612,-1.422962984671389,0.6924476990441811,2.9464565628615116,0.4
613,-1.5889011278194933,0.18451929379461243,2.9119836910815424,0.49
614,-1.6104672093250756,0.3414526561147104,2.868478786537873,-0.4
615,-1.586875026858917,0.16168871643448643,2.9145589719865406,0.55
616,-1.5869335943459248,0.11381794670216316,2.9129607715154826,-0.55
617,-1.7460676841972007,0.208474751952737,2.6795851094558913,0.1
618,-1.7307181639204883,0.12629780186746437,2.7070567739420106,-0.55
619,-1.793379015389954,0.21063961040674567,2.584429223559151,-0.55
620,-1.6564398401932359,0.30014896089037385,2.813649863050643,0.4
621,-1.5550791507976645,0.10066921664611317,2.949038809749103,-0.4
622,-1.558625350972112,-0.13935202286048629,2.8969444924812784,0.55
623,-1.5324285880549824,-0.25481732681300995,2.8811847261659977,-0.55
624,-1.428317273975672,-0.032443741989124454,3.0580253362226633,0.125
625,-1.3526820898568852,0.06569431069256841,3.133633693362759,-0.125
626,-1.257486318445465,0.0542914114429911,3.1993157574686566,-0.125
627,-1.3626430502651308,0.16548670797150644,3.130496366767726,-0.125
628,-1.1747028189676083,0.15080645379734478,3.253613848840393,-0.125
629,-1.2883837284316995,0.25194698675986277,3.1812423684346904,-0.125
630,-1.1958479867505518,0.2484319802791608,3.2392368084247467,0.055
631,-1.1182346237520115,0.3394259444742036,3.2716197822353084,-0.49
632,-1.562368237748768,0.15011482146965038,2.94298218026026,0.4
633,-1.0935933045285235,0.14345717893846305,3.2947816407654424,0.125
634,-1.2948843733842552,0.31230520593305866,3.170950003723595,0.125
635,-1.4165824960566937,0.1712952125613763,3.0866514215847296,0.125
636,-1.238978520626001,-0.028805532091593047,3.200448088953609,0.125
637,-1.1266574728076157,0.41590573683386334,3.254731877202726,0.435
638,-1.6202770899735435,-0.09794370737851028,2.8323090442016703,-0.4
639,-1.7052256850361023,-0.21271433836216325,2.649214539081133,0.55
640,-1.7031752195251213,-0.3062539603317631,2.5897851760416715,-0.55
641,-1.6245833179484965,-0.01646787618661172,2.8480361200287483,0.33
642,-1.646413933484748,0.05272767455466685,2.83049538015776,-0.32
643,-1.6303654089310573,-0.01383908158228031,2.8408353036806475,0.4
644,-1.6520229491338723,0.11884556183804476,2.8291024755673355,0.33
645,-1.6796482312748648,0.03614558772028498,2.7797816788738317,0.33
646,-1.6185425049159718,0.052964484536691336,2.8678971944045424,0.33
647,-1.7487895185270206,-0.12458340643098303,2.6106141389584234,-0.4
648,-1.8190918865307755,-0.1196482824348033,2.442472428732673,0.55
649,-1.8189038653937701,-0.21966393477343737,2.361259003229657,-0.55
650,-1.8924318958293669,0.15894410198880418,2.2819374222531064,0.33
651,-1.9046398282533634,0.22107400491437687,2.2085540411681315,-0.32
652,-1.7388939691215406,-0.0468576896660859,2.660442973504846,0.4
653,-1.9144658560853625,0.22926460669250162,2.1268286579080273,0.33
654,-1.9060149672435434,0.17550169524636922,2.2060487045339037,0.33
655,-1.8946847096162953,0.2970181607646893,2.2391595342130524,0.33
656,-1.8224655605277995,0.009066461146300098,2.492972453815864,-0.4
657,-1.7839041216047233,0.1327299456171222,2.605491720188575,0.55
658,-1.7220201914586664,0.17325827195326945,2.7231334641296514,-0.55
659,-1.8853460581045582,0.19938148004920184,2.312840520578672,0.125
660,-1.8538161175485461,0.3565118364778342,2.3862789332374184,-0.125
661,-1.84426451985888,0.34847893839724964,2.4214636652143806,-0.125
662,-1.8137338734267265,0.5066937235601252,2.421412079173553,-0.125
663,-1.8046034056339093,0.45757013293208115,2.4812477891347604,-0.125
664,-1.7559061615506,0.6206161731222768,2.4866379745101193,-0.125
665,-1.7581259371439224,0.5836849727042704,2.5125992195285245,0.055
666,-1.7021087544155062,0.6702393209724724,2.567519934376196,-0.49
667,-1.8057507291938695,0.07972926097974883,2.5511866372224383,0.4
668,-1.801548481992644,0.44495049100653006,2.4965328848172152,0.125
669,-1.7044530638012774,0.7269140029456506,2.507262524349233,0.125
670,-1.8172606658870472,0.5310611258208964,2.3894476726710985,0.125
671,-1.8605052729494227,0.2615329529349764,2.396884586977743,0.125
672,-1.6563249601243524,0.7495619187800737,2.5876617856604667,0.435
673,-1.7926832282796816,0.1763165554585392,2.587473226915759,-0.4
674,-1.7364654002413027,0.45932688745271744,2.6350711252632575,0.55
675,-1.8333760625290385,0.3670686726656281,2.44679247299546,-0.55
676,-1.8483439007148608,0.1489476598366281,2.445560693726777,0.4
677,-1.6280607946679415,0.7082440987329863,2.6750484507661456,-0.4
678,-1.3342052394424369,1.0872242695835015,2.69968736054264,0.55
679,-1.1915778704219644,1.061451098507635,2.869547113755953,-0.55
680,-1.5535972690742086,0.7307699873097164,2.7708803588721347,0.4
681,-1.2279629528966962,1.23619251103791,2.6043713363973335,-0.4
682,-0.5532531893685448,1.5433779193733979,2.4138568197736285,0.55
683,-0.6778681255416682,1.5947656203053402,2.033331371420972,-0.55
684,-0.6585917045093036,1.0609119148619395,3.107342670501128,0.125
685,-0.46868444541836163,0.9986527776399632,3.1678883021799855,-0.125
686,-1.156891105509035,0.5585557385489635,3.2017190074317883,-0.125
687,0.27530960962864875,0.9874856473578678,2.9035806760265803,-0.125
688,-1.1353950958084416,-0.6121247669513775,3.0110648525444783,-0.125
689,0.8123761597675803,0.5674065121770893,2.4868857867970116,-0.125
690,0.8435093391020964,-0.36010767399919946,2.2077621831165657,-0.125
691,-1.3688488464916366,1.2423128947498316,2.355850752873329,0.4
692,0.5945485944317805,-0.6909499062156579,1.558454191385251,0.125
693,-1.428732386048408,-0.9058643550654388,2.1575771862258777,0.125
694,0.9152847249914121,0.46477280511934294,2.1943566364212983,0.125
695,0.3209795223836371,1.039935003892359,2.811398462230208,0.125
696,-1.4880176795783173,0.4216546021026682,2.9895426029964263,0.125
697,-0.2223646759937993,1.5095515282877967,2.448514333703885,-0.4
698,0.3218559071858077,1.3361567532296945,2.251601773735968,0.55
699,0.3416482913182415,1.2295054429226369,2.5137158062687757,-0.55
700,-0.08934291853012746,1.5511410202458311,2.09205288705563,0.29
701,-0.42126671473838573,1.6076912370351437,2.004773991091612,-0.29
702,-0.1964170313251061,1.4191158478266885,2.6463535099886024,0.4
703,0.4833084425279743,1.2393202477510634,2.005458471247291,-0.4
704,0.5963585226885983,1.12414769789712,1.9334171302830907,0.55
705,0.4921654898799392,1.2086357044551743,1.7711327269412938,-0.55
706,0.8771624292469629,0.6520420265892858,2.0040538686637572,0.265
707,0.9308003483870302,0.314118111345091,1.7348702012818205,-0.53
708,0.9610647907852382,0.15749944762846166,1.9738208674612137,0.265
709,0.4234424940000174,1.2725011788017078,1.790544647884541,0.4
710,0.6543427944491782,1.0560946641569686,2.0139350403999723,-0.4
711,0.6949261976037314,1.0020204816443863,1.9932969164156074,0.55
712,0.7416557690203103,0.9221270476448347,2.1124313303403652,-0.55
713,0.3879037808422255,1.3049307190537252,2.163467113720516,0.1
714,0.2968286256146205,1.3753757356060976,2.1113551465520333,-0.55
715,0.38928858416235734,1.2745074547583874,2.299843445160418,-0.55
716,0.7105728919984088,0.9686042649393678,2.122944731922368,0.4
717,0.6901531172725388,1.0050678658448415,1.9118957054591998,-0.4
718,0.6676674563921979,1.0388195696169804,2.0137211019112917,0.55
719,0.6220392578999716,1.094792381049778,1.9395023117634649,-0.55
720,0.7960803920095691,0.8317084854604673,1.9045840102108973,0.55
721,0.6510157796513935,1.0446405730248285,1.8217268330757226,0.4
722,0.7707217927216969,0.8823039792884299,1.9498905279121233,-0.55
723,0.8449585630990288,0.7260545693320881,1.8933010868861069,-0.78
724,0.8621554293687524,0.6753365069492108,1.8574404814069334,0.39
725,0.8584388937280306,0.6975693718213695,1.9232079180955972,0.39
726,0.6592871098267075,1.0376476128440764,2.1376396414143777,-0.4
727,0.5966934363223048,1.1167071415087804,2.119198528957562,0.55
728,0.5393801856173259,1.1774246919730236,2.123806839203066,-0.55
729,0.6700116868920062,0.9742340953448766,2.3119158528984385,-0.49
730,0.6901841123517739,0.9829668360431667,2.1964347488133864,0.4
731,0.6837406423574378,0.9756886305940734,2.2536108611582906,0.49
732,0.6545127639633301,1.0532524848701947,2.0623792392196347,-0.4
733,0.6115442265844505,1.105232655711763,1.9118813332480766,0.55
734,0.5872402794937073,1.1309659124588838,1.8917342408993978,-0.55
735,0.6952414123606032,0.9987106247979205,2.0592428054038527,0.4
736,0.6020178601878872,1.1092565220763846,1.8512721936153067,-0.4
737,0.5104337409868118,1.1801109690122142,1.7242561534225354,0.55
738,0.524308415667297,1.1399918138058813,1.6398899405490288,-0.55
739,0.46756510381949346,1.1910221034433262,1.6273562945896387,0.1
740,0.4910619268805687,1.1820511334815325,1.6664315385127264,-0.55
741,0.40056671289215506,1.2441303217152087,1.6125058567063222,-0.55
742,0.6287310732926693,1.080168730933568,1.868952009417579,0.4
743,0.4500848176654592,1.249091569533995,1.7848124345998961,-0.56
744,0.38963757920983905,1.294080996540019,1.7628734160947968,0.28
745,0.33750232799813107,1.2988929502982962,1.6312286225714066,0.55
746,0.3292042020920238,1.2803944332078714,1.5613508255023825,-0.55
747,0.42354841794599407,1.2847199034274626,1.8784435354661515,0.28
748,0.3035307537564575,1.3114823693599948,1.596951468894363,-0.4
749,0.2810814441861241,1.23726096303775,1.3954380666768542,0.55
750,0.2191246066623995,1.2299972390941478,1.312119122440854,-0.55
751,0.1552374944143713,1.4129702556009995,1.640000928633011,0.1
752,0.23256464459925985,1.3820443315257984,1.682929934662515,-0.55
753,0.08584880499637393,1.4576540312506614,1.6856962035916994,-0.55
754,0.31573156869676117,1.3195895156041706,1.648541313608557,0.4
755,0.3718520605532567,1.1724420681141328,1.4056106427397417,-0.4
756,0.45783393375927867,1.0367862316515497,1.3252869064976487,0.55
757,0.5128515682485598,0.9421000550098566,1.28910211057951,-0.55
758,0.3815423490876124,1.134972025911347,1.358481272772516,0.55
759,0.41110437268884126,1.1735243760288983,1.4695344346032453,0.4
760,0.4330088192601827,1.1461083653367667,1.4554302498647498,0.39
761,0.31792697406519965,1.1477988350215294,1.2975728706450145,-0.55
762,0.38726377314597005,1.1624814726023047,1.411272371761454,-0.78
763,0.3450822862375101,1.191266564905712,1.3998882667670565,0.39
764,0.44096962175384635,1.0910695458266488,1.376920212659047,-0.4
765,0.4702858332362044,1.0914417076249108,1.4240537490663738,0.55
766,0.5310808690906469,1.0277471411565484,1.429051582508808,-0.55
767,0.6567863433943462,0.9761227808815761,1.6284271195396145,-0.49
768,0.37926197507239445,1.1623884221397873,1.399294190970987,0.4
769,0.6681248252306481,0.9335258186135706,1.5753862405359975,0.49
770,0.3545434859413294,1.1995844007062386,1.4283783621076223,-0.4
771,0.21059298531319925,1.2378687695982127,1.315762610280695,0.55
772,0.11799990049505765,1.2110089854189448,1.1957777744659115,-0.55
773,0.3158844885495433,1.2231837141045523,1.4162328730360887,0.4
774,0.2561490903867606,1.2188622115100485,1.3343416676343882,-0.4
775,0.06111190104766484,1.2781496169724103,1.247709458134343,0.55
776,0.19971943440885226,1.3176643955829588,1.4493545444602407,-0.55
777,0.34478180916038187,1.22681307827731,1.465907572507308,0.4
778,-0.21420180836251115,1.3110928744705372,1.1538402442977096,-0.4
779,-0.7173888016500316,1.243077964834265,1.0599573362086465,0.55
780,-0.72654944315434,1.0591705200797985,0.884369648911945,-0.55
781,-0.624284176836439,1.496712714983482,1.4511147562585087,0.29
782,-0.41945417032636423,1.5619709900498608,1.6300418542985822,-0.29
783,-0.2850548204135541,1.242284627650303,1.0494944557799413,0.4
784,-0.986929792134988,1.2405474605266629,1.171396743974023,-0.4
785,-1.6288360443641858,0.8087602926657118,1.399695874446562,0.55
786,-1.6520284451085734,0.9728092503461353,1.7505918459736272,-0.55
787,-0.603253571402347,-0.2546801931559381,0.6169138437429851,0.55
788,-0.23206181326404313,-0.326853989355804,0.6586236354668,-0.55
789,-0.9447850798037752,-0.5526280140542872,0.8303649594472511,-0.78
790,-0.9718050957851827,1.4111948883249201,1.4516637694118681,0.4
791,-0.8188540610189801,-0.786813980749439,0.9634389775148258,0.39
792,-1.270994018265351,-0.4325723201858573,0.9440921611320987,0.39
793,-1.7117594677685817,0.554426575846976,1.3475260264273332,-0.4
794,-1.872669409783836,0.12129412242184748,1.6178433925434814,0.55
795,-1.7951762745209046,-0.029756582604953532,1.4318514353024168,-0.55
796,-1.8700679265449698,0.4129078702118637,1.6941872499353536,-0.29
797,-1.622400192846473,0.45128726058595386,1.1569160448837366,0.4
798,-1.8518308014657572,0.5227798153082718,1.7220416880942802,0.29
799,-1.9106565046588146,0.01155428989442342,1.8940440449680225,-0.4
800,-1.8580515444442387,-0.2536929039134569,2.053079891900559,0.55
801,-1.8871780777842582,-0.09270081299757682,2.170331624387783,-0.55
802,-1.9200025156773581,0.15464502055050205,2.070583700596346,0.4
803,-1.806911674928056,-0.39794065379083,1.9899546587432964,-0.4
804,-1.7252666044481035,-0.544669919049448,2.1401692955599745,0.55
805,-1.646990212357644,-0.6747995155405336,2.085203459924581,-0.55
806,-1.752077895887905,-0.5047107919172709,1.8882757335075628,0.4
807,-1.720316989797645,-0.522764385911722,2.2460727697661516,-0.4
808,-1.6192903081640613,-0.6946925627640989,2.187571685425301,0.55
809,-1.5401401470866825,-0.7898240059710656,2.1899709658547386,-0.55
810,-1.5217009204087693,-0.5850305468761224,2.6448673209520006,0.35
811,-1.4842532365735928,-0.5072126950508421,2.775155465811247,-0.35
812,-1.3796441122741347,-0.5450730955755247,2.863514152657689,0.35
813,-1.3001682570988562,-0.6603511204736501,2.839765600132435,-0.7
814,-1.3440717527819714,-0.46065738979299287,2.9589557949800662,-0.7
815,-1.762936262087437,-0.42652810179615275,2.275711638931877,0.4
816,-1.5288746612109407,-0.41770699043806964,2.788517704321574,0.45
817,-1.3185780403156782,-0.7222073236557013,2.7550903441971393,0.4
818,-1.2156691098016772,-0.6795863213268856,2.8962421072126854,0.4
819,-1.3935750184206708,-0.3737657968416383,2.9659609891955676,0.4
820,-1.26225499387736,-0.48241185843916146,3.012593096844404,0.4
821,-1.677294265793631,-0.6290070914861041,2.1016849304016243,-0.4
822,-1.6622757405843425,-0.6503842398880499,1.87312155111403,0.55
823,-1.7112645079700695,-0.5682392882921278,1.838167779743162,-0.55
824,-1.750686000358346,-0.5143138957705672,2.0201214262167393,-0.49
825,-1.7281937468791817,-0.5456672082479068,2.107599283898696,0.4
826,-1.7626909857653008,-0.49213695232300253,1.9892695773247504,0.49
827,-1.6094000633019943,-0.7072993139808088,1.7912253120630126,-0.56
828,-1.5940021347866644,-0.6860856305609403,1.657325509952976,0.28
829,-1.6440109711828808,-0.5934186849982542,1.6074263460488565,0.55
830,-1.6161294380546487,-0.5999569620424883,1.5422682867808868,-0.55
831,-1.5563720855041145,-0.7774903957518801,1.8205069545404595,0.28
832,-1.7094029608160017,-0.5048564127095351,1.6482116181824573,-0.4
833,-1.77162346357657,-0.3147786924421956,1.5664579351144614,0.55
834,-1.790376044926565,-0.2988593294062892,1.6082746983347023,-0.55
835,-1.782153773585896,-0.4349800344718153,1.8423486187281721,0.1
836,-1.803761769436283,-0.37795142094973905,1.8153136440785702,-0.55
837,-1.7746407938538782,-0.46567580665394104,1.9316720648058157,-0.55
838,-1.7293228910443135,-0.49723899524017184,1.7113315448956419,0.4
839,-1.771964291615396,-0.23973269316690415,1.4948111791261454,-0.4
840,-1.8391205270102948,-0.052444968576408305,1.5603206832857834,0.55
841,-1.8476286112869034,-0.054157585045210024,1.5891467891721418,-0.55
842,-1.7571894836674031,-0.2564864293209746,1.471122893215373,0.4
843,-1.8635431574773573,0.00924971688109293,1.6145311276812124,-0.4
844,-1.8868836797547723,0.22265720355194737,1.6773162227916054,0.55
845,-1.8816171141790485,0.2815299328927589,1.6697440206725862,-0.55
846,-1.920840010405905,0.12795461946491432,1.9382529974709408,0.1
847,-1.9208273861264507,0.1180857231259159,1.947073665931659,-0.55
848,-1.9218381904984199,0.19535144102926397,2.013778631646465,-0.55
849,-1.8556031975988898,0.003410990494593036,1.588761048602252,0.4
850,-1.8795217257915515,0.2735113795678851,1.6580393006685155,-0.4
851,-1.8617558061376043,0.47795199659472526,1.717328924401892,0.55
852,-1.8315501278041582,0.574882875295685,1.694631549447773,-0.55
853,-1.8236359299754277,0.3499730569557638,1.4987595106483582,0.1
854,-1.7923203714641507,0.36171860425754643,1.4243028185828035,-0.55
855,-1.8287217624497019,0.3015360468154378,1.4970639617871588,-0.55
856,-1.8838041233754705,0.229538062865958,1.6650207170850095,0.4
857,-1.885310442933468,0.4450449950014223,1.8223408710583326,-0.4
858,-1.8669180752686996,0.5588358452343439,1.9326513056752543,0.55
859,-1.8324923330045655,0.666223902754791,1.946176422735925,-0.55
860,-1.8674767577230735,0.4814461243480273,2.2274982755634034,0.1
861,-1.8803284854555842,0.42285374961972755,2.2223322787837474,-0.55
862,-1.846261489267144,0.4962852326240501,2.314454267315888,-0.55
863,-1.8999109803235728,0.36888166223928065,1.8370459391734706,0.4
864,-1.8896356808291175,0.46646624244083956,1.9300477985434783,-0.4
865,-1.8470229673443752,0.5889553753267759,1.8068573702331971,0.55
866,-1.8080107800742138,0.7062090856597794,1.8287682907051286,-0.55
867,-1.904736319093155,0.3813543230510975,1.9229100886634711,0.4
868,-1.8359596842710357,0.550690528452081,1.6826804958697061,-0.4
869,-1.7372658929913563,0.7591473496876212,1.6041095289174239,0.55
870,-1.6725246424439597,0.8543500044645255,1.5591071889132975,-0.55
871,-1.8563178107682976,0.4689526212054599,1.6820258644225508,0.4
872,-1.7643435007796207,0.7495408129555753,1.687653273183068,-0.4
873,-1.68829789213211,0.9316278681386516,1.8010968974546733,0.55
874,-1.6215447738626487,1.0205679008914075,1.769581535531664,-0.55
875,-1.7345816872115352,0.8198338084907517,1.7069074699001598,0.1
876,-1.767018169099139,0.7533659770616522,1.707029280908866,-0.55
877,-1.6909242468253785,0.8658919379596539,1.635763316018107,-0.55
878,-1.8028117895653815,0.6745776219113995,1.720089494953151,0.4
879,-1.7180682314465021,0.902178933556894,1.905989308829084,-0.4
880,-1.6085292378910407,1.0636944216629571,1.938242965388546,0.55
881,-1.5226324870717687,1.1634717809116883,1.9746308744615964,-0.55
882,-1.749875729594987,0.7892960078105647,2.2738284896227663,0.33
883,-1.7507080753444915,0.7247648817541932,2.3831680408928904,-0.32
884,-1.7640800729352748,0.8208378402433635,1.926682599727942,0.4
885,-1.7189507793011807,0.7615639038302158,2.428024159213092,0.33
886,-1.736622561723939,0.7193325118310261,2.432943988864773,0.33
887,-1.787615402384904,0.6443695141516651,2.367680862289416,0.33
888,-1.6399883286377148,1.010475995249735,1.837395473542399,-0.4
889,-1.468489766833839,1.164025980499743,1.6598562266539123,0.55
890,-1.3609761588987757,1.2612465973041536,1.6635039168549515,-0.55
891,-1.620926351185877,0.9642543492462634,1.6119674104670527,0.125
892,-1.5326553476583298,1.0140691190041506,1.4854874358393666,-0.125
893,-1.4732732103819293,1.12029603522606,1.5601482881673665,-0.125
894,-1.475043995447077,0.9541619052040531,1.304225916871016,-0.125
895,-1.339101902937605,1.1742065937929214,1.4177493649351451,-0.125
896,-1.350218686524141,0.975330415071365,1.1719567421834904,-0.125
897,-1.270194011694255,1.084299390856085,1.206420967590815,-0.125
898,-1.7013289110676766,0.9153206706200822,1.8205729462692457,0.4
899,-1.1355812021461904,1.093650081991297,1.100499018846682,0.125
900,-1.2566762499681094,1.272456443091496,1.4853252172709825,0.125
901,-1.2933792372193382,0.9138361432913005,1.0624147749924524,0.125
902,-1.5043438347840994,0.8917967533898976,1.2790771766745015,0.125
903,-1.49798399374147,1.153818304913772,1.7252288135865577,0.125
904,-1.4931650714744877,1.1166297353666639,1.6003028685334275,-0.4
905,-1.358330338073596,1.2548118892505071,1.6360433380044221,0.55
906,-1.2660141312656086,1.3140635191548249,1.6073356846364568,-0.55
907,-1.4458659689246856,1.0324717817657028,1.3590508882890315,0.1
908,-1.3812946749122965,1.0503581452317274,1.2919255732667096,-0.55
909,-1.4933402134454248,0.9544457276483289,1.331882956482264,-0.55
910,-1.561195567794491,1.0398685200679993,1.6035796447035204,0.4
911,-1.409089959821866,1.2438455933356316,1.7505252661264898,-0.4
912,-1.2713172048403831,1.3686553680605806,1.8903994802920974,0.55
913,-1.1857773793372839,1.4211126805376402,1.8946667772553534,-0.55
914,-1.5959888935009372,1.0779709622602913,1.9192288341720307,0.33
915,-1.6127905815052508,1.0416458464573206,1.8109094052421832,-0.32
916,-1.4770140506279432,1.1865670244359372,1.7740115951937945,0.4
917,-1.642483170909253,1.0013019806407264,1.8086713882011898,0.33
918,-1.6337360710984896,1.0088414555848493,1.7887690973437813,0.33
919,-1.5674169908473283,1.0865180244592059,1.761379255638175,0.33
920,-1.288073072762525,1.3601864115573494,1.9314875486212377,-0.4
921,-1.0753169801736693,1.4756309118824982,1.8760208842742256,0.55
922,-0.9628174966135227,1.52372679926106,1.9126010838963208,-0.55
923,-1.3655891717713828,1.3036477042841073,1.9273693730774566,0.4
924,-1.1026901969673426,1.4431770591990922,1.7379442121860411,-0.4
925,-0.9747431664496461,1.4617517515171485,1.5917610215513103,0.55
926,-0.9133084037824603,1.451472584530111,1.498030783350754,-0.55
927,-1.1931524785804755,1.3899857267489875,1.7148728236247832,0.4
928,-1.0257684733260157,1.4623204558814997,1.6673587014620144,-0.4
929,-0.9056002561337544,1.5028743596330876,1.6523573698411458,0.55
930,-0.8701740352296645,1.4994215840637324,1.6000431278458416,-0.55
931,-1.0983652300912494,1.467775366374461,1.915540643047605,0.33
932,-1.0066834551322943,1.5065544981222254,1.9002878592846029,-0.32
933,-1.0688488806803218,1.4604391494158806,1.7447518920352303,0.4
934,-0.9626482055354524,1.5222531945766016,1.8892722934676849,0.33
935,-1.0046209579806484,1.502643736954601,1.8462416787540257,0.33
936,-0.9892596306361336,1.5159001712916833,1.9589097231112254,0.33
937,-0.8519973163739121,1.5365403395553958,1.7337894425292306,-0.4
938,-0.6426509122139978,1.5771203724181426,1.7359185542027875,0.55
939,-0.557358033746055,1.5916549572739216,1.780848431756012,-0.55
940,-0.8824641352198722,1.5357332665777232,1.7795269021184266,0.4
941,-0.6436716001095341,1.5613078443103348,1.6605279353009064,-0.4
942,-0.5125980198415457,1.5199844150607227,1.4923917133259914,0.55
943,-0.599152786769942,1.4928996745605834,1.4358234733872355,-0.55
944,-0.7211265465985779,1.5418958547267223,1.6280241536847648,0.4
945,-0.39929032429480565,1.504493540750434,1.4573639071588969,-0.56
946,-0.37480194505046976,1.458555195714776,1.3576561364327275,0.28
947,-0.36672422159770285,1.4033964792897209,1.2568681236013821,0.55
948,-0.2739400859687347,1.362649621337328,1.2110125834599028,-0.55
949,-0.29074355011102393,1.5205739502247015,1.5306298239934897,0.28
950,-0.4688890725351117,1.3876785914879264,1.222593991028739,-0.4
951,-0.4837045169654892,1.2534632910369221,1.0420541079320542,0.55
952,-0.556856296768468,1.2584758639102889,1.050917124837015,-0.55
953,-0.6065698418261126,1.3743555219029167,1.2118545321181091,0.265
954,-0.41885847993008307,1.394405863012739,1.2358266433132792,-0.53
955,-0.47064464924745997,1.4286734856522376,1.291991473068534,0.265
956,-0.5449233084841371,1.4124537407236684,1.266242539945881,0.4
957,-0.40459491226364863,1.189661449809117,0.9764089885688684,-0.4
958,-0.4531359269994997,1.0370199580537605,0.8405678616515344,0.55
959,-0.46398802717503396,0.9846168036869396,0.8025326950077094,-0.55
960,-0.30154943890187713,1.1203069296656973,0.9231849583835589,0.125
961,-0.2864237410114416,1.187519387395502,0.9900867927051668,-0.125
962,-0.3374034224424012,1.182235495819042,0.9762083376255879,0.4
963,-0.31697201969400685,1.2012656778110122,0.9987803614480492,0.155
964,-0.20492588342518517,1.2523184040461495,1.0816336172035657,0.4
965,-0.2266300493074061,1.3252143212755805,1.169557122513262,0.125
966,-0.2500488484414885,1.2866044073330896,1.1111423005431968,0.155
967,-0.24075555642663127,1.2460332794866822,1.0641517165914791,-0.4
968,-0.29451660949356534,1.260774881224532,1.0690949939070222,-0.56
969,-0.3486399131855947,1.1703834699030369,0.9629744240381382,0.125
970,-0.47617844324253816,1.0122854924934819,0.8219504647414464,-0.4
971,-0.6252500335627272,0.900913965511096,0.7574259715574775,0.55
972,-0.5958600698005928,0.9547902982245899,0.7879491720087297,-0.55
973,-0.45968524711281794,1.0614798515877852,0.8593517390110897,0.4
974,-0.7411022053270182,0.8379734237696994,0.7407268369447545,-0.4
975,-0.9128885780027979,0.6653793882960918,0.7080508021023608,0.55
976,-0.9078222748121313,0.6295959348353781,0.6930356672106672,-0.55
977,-1.02631817269412,1.0621626139096383,1.0001780854733722,0.35
978,-1.007181617696519,1.1695036432384749,1.097454687842532,-0.35
979,-0.9505701364003137,1.2297527900932896,1.1363826781827997,0.35
980,-0.915812198351766,1.202690970154849,1.0861775360640948,-0.7
981,-0.9297944668396007,1.3088236286108237,1.232705686526311,-0.7
982,-0.7456981207713886,0.8070426604897712,0.7255628850918395,0.4
983,-1.0405964634893827,1.1904105918506998,1.1426585594504126,0.45
984,-0.9258087346699473,1.1419920621205273,1.0255823097670629,0.4
985,-0.8815342719211459,1.2400821699585585,1.1143678695077484,0.4
986,-0.9571602373055385,1.3320703340153153,1.2867576302785082,0.4
987,-0.8923088196101173,1.3396106599201731,1.2588822049206567,0.4
988,-0.9569341303181171,0.5782274095887138,0.6928493965530438,-0.4
989,-1.1455478182321381,0.3814786982603024,0.7289125701710182,0.55
990,-1.182561249788369,0.4123575956447189,0.7548628551814582,-0.55
991,-0.9592003502336333,0.6159395376552741,0.7062490112797726,0.4
992,-1.2207382853544466,0.3079900025315865,0.7608625001858654,-0.4
993,-1.3339452903587743,0.1014766841035306,0.829882269578639,0.55
994,-1.2891189634951143,0.10144533147733195,0.7982100556628917,-0.55
995,-1.3872813968206335,0.34654591326992706,0.8835747462809922,-0.49
996,-1.1889289418329552,0.29913218253435636,0.7412932502248379,0.4
997,-1.3117089264304924,0.3500124525582962,0.8262781811061463,0.49
998,-1.3766059079143649,-0.014138107364738596,0.8752465256664407,-0.4
999,-1.42629800707308,-0.17018672899109238,0.9554919288905082,0.55
1000,-1.5067498775221813,-0.11087496442218968,1.0163064580300307,-0.55
1001,-1.3068832599301143,-0.2706106609651005,0.8927524478830217,0.125
1002,-1.1901591968566312,-0.26236608508195036,0.8108599912458332,-0.125
1003,-1.080013025627797,-0.25209726261211124,0.7477171392657948,-0.125
1004,-1.1854473921143214,-0.2432526921866862,0.8012647140486298,-0.125
1005,-0.9541735804570456,-0.2195671940707059,0.6844290667026753,-0.125
1006,-1.0430913304160125,-0.20702766703666522,0.7164491300688403,-0.125
1007,-0.9216299273209553,-0.19385917936037003,0.6657994956101794,-0.125
1008,-1.4240900203598774,-0.010182399504943552,0.9144770131417345,0.4
1009,-0.8094472067301677,-0.16088422809142308,0.6252274816829099,0.125
1010,-0.8833193167666814,-0.21081971465535398,0.6583479771180211,0.125
1011,-1.023193608441719,-0.1842922866842301,0.7014267086447413,0.125
1012,-1.2786464619535778,-0.2497038988907581,0.8640839229471203,0.125
1013,-1.0896498048508172,-0.2644332217623966,0.756661611794738,0.125
1014,-1.3896928664653563,-0.2498816713540633,0.9517461993921883,-0.4
1015,-1.4475339436586514,-0.3913086967729576,1.0781403328937562,0.55
1016,-1.391201563544051,-0.45863585538435125,1.0639800280964966,-0.55
1017,-1.3771108774642613,-0.21005398102407327,0.9258920202792056,0.55
1018,-1.3265673128928754,-0.29017585821325337,0.9159788743424603,0.4
1019,-1.3139629206713683,-0.20815380915904014,0.8751046420339489,-0.55
1020,-1.4359438485859546,-0.13112595302809438,0.9523570368249822,-0.78
1021,-1.4851002133873863,-0.1319642845708265,1.000118084448235,0.39
1022,-1.4253924525881538,-0.07372782360783084,0.9280650892804186,0.39
1023,-1.501204107762602,-0.4115345857525752,1.1522530963558246,-0.56
1024,-1.5036739063537181,-0.5052190221367335,1.228709736927793,0.28
1025,-1.4203331809084858,-0.5845372887543212,1.1961618239012795,0.55
1026,-1.381968678496848,-0.6629077034537829,1.2304972051313467,-0.55
1027,-1.5508284348062749,-0.3446680168402597,1.1708588028763338,0.28
1028,-1.385635350137233,-0.5572869454935585,1.1330217839575072,-0.4
1029,-1.2348088433269702,-0.6401212321395079,1.0638362488317312,0.55
1030,-1.181455306807815,-0.7172759732129473,1.0928462757182456,-0.55
1031,-1.3351688012705258,-0.5400073399429778,1.0691591403444667,-0.49
1032,-1.4135990677105916,-0.49724849910008917,1.114555881923082,0.4
1033,-1.3691067617951305,-0.5642251315610002,1.1216946705559045,0.49
1034,-1.2310382002381672,-0.574093043419995,1.007298686569165,-0.4
1035,-1.1744885578266089,-0.6539788857987944,1.0294998382773375,0.55
1036,-1.0918194107309973,-0.7046362377753216,1.0180481875984062,-0.55
1037,-1.1381105630453079,-0.30344938266891286,0.7964588443717405,0.55
1038,-1.273694079758547,-0.5098827008618513,0.9945428268943236,0.4
1039,-1.272713456472436,-0.24948115459349043,0.8598199315435663,0.39
1040,-1.0586401710235216,-0.27570422741977507,0.7457821859045325,-0.55
1041,-1.216043651490701,-0.2311164425149447,0.8157598024556085,-0.78
1042,-1.2038191094773376,-0.15414158899316682,0.7849816040744418,0.39
1043,-1.2727231126624525,-0.6526972820817565,1.107566037573523,-0.4
1044,-1.2419278136327432,-0.82102882686546,1.2673814407210882,0.55
1045,-1.1919548150739718,-0.8914556301871509,1.3179711903847098,-0.55
1046,-1.3218052981855888,-0.6098125983830169,1.1142114772674638,0.4
1047,-1.2434042267493906,-0.828027719042625,1.2786306471574418,-0.4
1048,-1.0771950671698516,-0.9436247684455021,1.2910405705544243,0.55
1049,-1.013426759896374,-1.0063833307136683,1.34408374430646,-0.55
1050,-1.3533517044162402,-0.8182561007859539,1.4021346758455249,0.1
1051,-1.3035136848320434,-0.850114929666542,1.384783165083147,-0.55
1052,-1.4216642268784612,-0.7641279323276653,1.4195332052387428,-0.55
1053,-1.2777220910895493,-0.7760626323964641,1.2461968523684377,0.4
1054,-1.048898693267951,-0.8938319896590431,1.196500548640669,-0.4
1055,-0.8758936342288577,-0.9279701137916665,1.1398575134319084,0.55
1056,-0.7855208396434479,-0.9819982775603443,1.174664490587701,-0.55
1057,-0.9477050394919326,-0.8680002097879808,1.1019891342959702,0.1
1058,-1.0303200442408682,-0.8381720611705163,1.115115893942723,-0.55
1059,-0.9021552751253342,-0.9161155462253316,1.137290308637019,-0.55
1060,-1.10099121313572,-0.8393655351206608,1.165179161655574,0.4
1061,-0.9223686853987307,-0.8753080294019032,1.0975829443023415,-0.4
1062,-0.7361357352308068,-0.8334997926366372,0.984170105394865,0.55
1063,-0.7345925476750752,-0.7383847291111508,0.8973926304043172,-0.55
1064,-1.025138169062605,-0.8972592201082975,1.1845198131373642,0.55
1065,-0.9963537236674922,-0.8270876854574705,1.0823788421655038,0.4
1066,-1.0517766429806814,-0.7648370656667511,1.050082145832474,0.39
1067,-1.0411409297841479,-0.9338229961206981,1.247072665949635,-0.55
1068,-1.064201707632654,-0.7802989941235735,1.0734644522195549,-0.78
1069,-1.1053661431875597,-0.7050260290021152,1.0270528906537846,0.39
1070,-0.6320819980788424,-0.8927778979537497,1.0246490263235764,-0.4
1071,-0.5028032712679268,-0.8730736068664856,0.9921284918820371,0.1
1072,-0.5386014066699806,-0.9360454112506267,1.0637721348849059,-0.55
1073,-0.3929209935049418,-0.8873033562835444,1.0108393931434516,0.29
1074,-0.24226069874895845,-0.8734142634730478,1.0211080054855717,-0.29
1075,-0.6387946203941092,-0.9533992570544285,1.0968931686963557,0.4
1076,-0.467717631259509,-0.8346675268295279,0.9534165539834618,-0.55
