1,1.10150000000,3.21240000000,6.79890000000,1.00000000000
2,1.14260000000,3.33040000000,7.03550000000,-0.999300000000
3,1.00590000000,3.37690000000,6.83610000000,-0.999300000000
4,0.934200000000,3.45160000000,6.75570000000,0.999700000000
5,0.871800000000,3.55120000000,6.70150000000,0.909000000000E-01
6,0.950100000000,3.28580000000,6.37520000000,0.999700000000
7,0.852500000000,3.54830000000,6.62360000000,-0.998200000000
8,0.855200000000,3.52820000000,5.98460000000,1.00000000000
9,0.893800000000,3.46290000000,5.94490000000,0.999700000000
10,0.924300000000,3.48420000000,5.81080000000,-0.999300000000
11,1.32290000000,2.97110000000,5.81240000000,-0.999300000000
12,1.36410000000,2.93990000000,5.80820000000,0.999700000000
13,1.66930000000,2.70850000000,5.98290000000,1.00000000000
14,1.50680000000,2.95230000000,5.58270000000,-0.999300000000
15,1.43630000000,3.13120000000,5.41040000000,-0.999300000000
16,1.40010000000,2.95170000000,5.72110000000,-0.998200000000
17,1.46160000000,3.10000000000,5.42250000000,0.909000000000E-01
18,1.81760000000,2.82770000000,5.53240000000,-0.999300000000
19,1.86350000000,2.98590000000,5.29080000000,1.00000000000
20,1.51890000000,2.87130000000,5.72190000000,-0.998200000000
21,1.67840000000,2.73920000000,5.85310000000,1.00000000000
22,2.39590000000,2.59300000000,5.96220000000,-0.998200000000
23,1.54350000000,2.99460000000,5.48230000000,1.00000000000
24,3.25130000000,2.91920000000,6.54520000000,0.909000000000E-01
25,1.69770000000,2.79950000000,6.90690000000,0.999700000000
26,0.957900000000,4.89740000000,6.65720000000,-0.900000000000E-03
27,1.16590000000,5.19290000000,6.59860000000,-0.998200000000
28,1.69760000000,5.46850000000,6.86360000000,0.909000000000E-01
29,1.76870000000,5.61060000000,6.33470000000,-0.999300000000
30,2.20350000000,5.68320000000,6.47280000000,1.00000000000
31,2.34530000000,5.67620000000,6.52630000000,-0.900000000000E-03
32,2.10220000000,5.52020000000,5.59210000000,0.999700000000
33,1.49020000000,5.27620000000,5.56780000000,0.999700000000
34,1.51390000000,5.41580000000,5.82300000000,-0.998200000000
35,1.35130000000,5.37610000000,6.07660000000,0.909000000000E-01
36,1.35000000000,5.32650000000,5.88460000000,0.999700000000
37,0.947000000000,4.92800000000,6.52870000000,1.00000000000
38,1.48120000000,2.78910000000,6.06050000000,1.00000000000
39,2.70280000000,2.61350000000,6.34490000000,-0.998200000000
40,1.68970000000,2.95360000000,7.15990000000,-0.999300000000
41,2.86310000000,3.53380000000,7.62380000000,1.00000000000
42,3.03770000000,3.06160000000,7.16240000000,-0.999300000000
43,2.42260000000,3.27610000000,7.60580000000,1.00000000000
44,1.35000000000,4.59720000000,5.11400000000,0.999700000000
45,0.935300000000,4.40670000000,5.52290000000,-0.900000000000E-03
46,1.33150000000,5.23830000000,5.71260000000,-0.998200000000
47,1.69960000000,5.31160000000,5.43930000000,-0.999300000000
48,1.54590000000,4.87270000000,5.11900000000,-0.999300000000
49,3.73350000000,4.63240000000,6.58390000000,1.00000000000
50,3.73770000000,4.47180000000,5.83290000000,-0.999300000000
51,3.46340000000,3.20150000000,5.83770000000,0.909000000000E-01
52,3.03800000000,2.75260000000,6.21860000000,0.999700000000
53,2.76730000000,2.64530000000,6.48870000000,1.00000000000
54,2.85790000000,2.67070000000,6.16500000000,0.909000000000E-01
55,2.97070000000,2.79470000000,6.75760000000,0.999700000000
56,3.39190000000,3.06270000000,6.60080000000,-0.999300000000
57,3.48400000000,3.22160000000,6.73170000000,-0.999300000000
58,3.70790000000,3.52380000000,6.52970000000,-0.999300000000
59,3.84610000000,4.17140000000,6.27870000000,1.00000000000
60,3.82910000000,4.24820000000,6.49280000000,-0.998200000000
61,3.38550000000,4.73720000000,7.21980000000,0.909000000000E-01
62,2.62160000000,4.01680000000,7.82040000000,-0.999300000000
63,2.53990000000,4.63370000000,7.75420000000,1.00000000000
64,1.75690000000,3.70100000000,7.71280000000,-0.999300000000
65,1.39390000000,3.43720000000,7.39520000000,0.909000000000E-01
66,1.25220000000,4.02380000000,7.47920000000,1.00000000000
67,1.53400000000,4.15660000000,7.67610000000,0.909000000000E-01
68,2.07510000000,4.90330000000,7.64110000000,-0.999300000000
69,2.50120000000,5.00820000000,7.57080000000,-0.900000000000E-03
70,3.43070000000,5.15590000000,6.02630000000,0.909000000000E-01
71,2.79640000000,5.48750000000,5.70940000000,0.999700000000
72,2.23720000000,5.64350000000,5.89310000000,-0.999300000000
73,2.34390000000,5.67520000000,6.04980000000,-0.998200000000
74,3.03150000000,5.45420000000,5.93300000000,-0.900000000000E-03
75,3.12140000000,5.35820000000,6.77230000000,0.999700000000
76,2.57460000000,5.42790000000,7.11620000000,0.909000000000E-01
77,1.96650000000,5.53390000000,6.91260000000,-0.900000000000E-03
78,2.25410000000,5.13290000000,7.49610000000,0.999700000000
79,1.42290000000,4.97650000000,7.29890000000,-0.999300000000
80,1.63180000000,4.00690000000,7.71980000000,0.999700000000
81,2.36140000000,3.37090000000,7.66750000000,-0.998200000000
82,2.08500000000,3.46520000000,7.70490000000,-0.999300000000
83,1.89290000000,3.27300000000,7.55520000000,1.00000000000
84,2.13210000000,2.93850000000,7.31200000000,0.909000000000E-01
85,1.88000000000,3.09050000000,7.40630000000,-0.998200000000
86,1.55910000000,3.04300000000,7.17760000000,-0.999300000000
87,1.61610000000,2.80290000000,6.82670000000,-0.999300000000
88,1.64380000000,3.53510000000,7.60370000000,-0.900000000000E-03
89,1.30500000000,3.12670000000,7.01980000000,1.00000000000
90,1.31840000000,3.72090000000,7.47000000000,-0.999300000000
91,0.788000000000,4.27870000000,6.77180000000,-0.900000000000E-03
92,1.83620000000,5.29970000000,7.23680000000,-0.900000000000E-03
93,2.79950000000,5.57680000000,6.58210000000,-0.998200000000
94,3.16710000000,5.40690000000,6.12160000000,-0.998200000000
95,3.63550000000,4.86760000000,6.55060000000,-0.999300000000
96,3.60060000000,4.83130000000,6.75370000000,0.999700000000
97,2.58580000000,5.26390000000,7.32790000000,0.909000000000E-01
98,2.93730000000,5.35790000000,7.00520000000,-0.999300000000
99,3.00620000000,5.44520000000,6.72780000000,-0.900000000000E-03
100,1.37610000000,5.13370000000,7.09150000000,0.999700000000
101,0.719700000000,4.08450000000,6.08020000000,1.00000000000
102,1.30120000000,2.89330000000,6.24240000000,-0.900000000000E-03
103,0.829900000000,3.68630000000,5.86130000000,-0.998200000000
104,1.63590000000,2.81570000000,5.70370000000,-0.998200000000
105,2.06540000000,4.38710000000,4.75720000000,-0.999300000000
106,2.55040000000,5.46120000000,5.51340000000,-0.998200000000
107,3.48260000000,5.11310000000,6.10620000000,-0.999300000000
108,3.66590000000,4.76100000000,5.93030000000,0.999700000000
109,3.29630000000,5.11870000000,5.62960000000,1.00000000000
110,3.48690000000,4.13270000000,5.29100000000,-0.900000000000E-03
111,2.86910000000,3.85970000000,4.86130000000,-0.999300000000
112,2.08840000000,3.92200000000,4.74510000000,0.909000000000E-01
113,2.47450000000,4.22500000000,4.73660000000,1.00000000000
114,2.55470000000,3.21060000000,5.04460000000,0.909000000000E-01
115,1.76910000000,3.16160000000,5.15840000000,1.00000000000
116,2.09640000000,4.20790000000,4.73320000000,-0.900000000000E-03
117,0.897200000000,4.58600000000,5.69660000000,-0.900000000000E-03
118,1.14630000000,5.08320000000,5.76930000000,1.00000000000
119,1.37520000000,4.78270000000,5.18560000000,1.00000000000
120,1.94070000000,4.76560000000,4.89720000000,-0.900000000000E-03
121,1.82080000000,4.44740000000,4.82310000000,1.00000000000
122,1.93820000000,4.05510000000,4.75900000000,-0.999300000000
123,1.40320000000,4.30950000000,4.99860000000,-0.999300000000
124,2.02750000000,4.60560000000,4.81700000000,-0.900000000000E-03
125,2.12680000000,4.98410000000,4.98530000000,-0.900000000000E-03
126,1.95620000000,4.99550000000,5.02400000000,-0.998200000000
127,2.14950000000,5.13530000000,5.09580000000,0.909000000000E-01
128,2.49160000000,5.22430000000,5.19090000000,-0.998200000000
129,2.68970000000,5.52910000000,5.72290000000,0.909000000000E-01
130,2.78370000000,5.42640000000,5.57410000000,1.00000000000
131,3.09620000000,5.29040000000,5.63170000000,0.909000000000E-01
132,3.52110000000,4.81830000000,5.63130000000,-0.999300000000
133,3.60600000000,4.31340000000,5.47730000000,1.00000000000
134,3.69030000000,4.80580000000,6.34960000000,-0.999300000000
135,3.57640000000,4.77810000000,6.88290000000,-0.999300000000
136,3.48600000000,4.63070000000,7.15630000000,1.00000000000
137,3.23700000000,4.18750000000,7.53280000000,-0.900000000000E-03
138,3.09460000000,4.80050000000,7.44950000000,0.999700000000
139,2.99930000000,4.19840000000,7.68430000000,-0.998200000000
140,2.63750000000,4.04140000000,7.81830000000,-0.998200000000
141,3.00170000000,4.40640000000,7.65620000000,1.00000000000
142,2.91660000000,3.79320000000,7.68740000000,0.999700000000
143,2.66060000000,4.03980000000,7.81250000000,1.00000000000
144,2.89020000000,3.70480000000,7.67540000000,-0.998200000000
145,3.28330000000,3.24410000000,7.11530000000,0.909000000000E-01
146,3.10160000000,3.16690000000,7.22420000000,0.999700000000
147,3.17560000000,3.14140000000,7.12380000000,-0.999300000000
148,3.66000000000,3.74960000000,6.93340000000,0.999700000000
149,3.74290000000,3.72690000000,6.68910000000,0.999700000000
150,3.73260000000,4.15820000000,6.87890000000,0.999700000000
151,3.67590000000,4.24480000000,6.99420000000,-0.999300000000
152,3.34160000000,4.38450000000,7.41630000000,0.909000000000E-01
153,3.22720000000,4.33880000000,7.52340000000,-0.998200000000
154,3.36600000000,4.12870000000,7.42290000000,-0.900000000000E-03
155,3.04800000000,4.06390000000,7.65860000000,1.00000000000
156,3.38960000000,3.65350000000,7.29460000000,-0.999300000000
157,3.01980000000,3.49410000000,7.52350000000,0.999700000000
158,3.01730000000,3.38210000000,7.46110000000,-0.900000000000E-03
159,3.10480000000,3.26790000000,7.31510000000,-0.998200000000
