residue,res_num,x,y,z,q
LYS,1,0.41338092806039856,-1.0505897114494491,-0.8906633699063817,-0.32
LYS,1,0.31414327976367906,-0.9958989728919374,-0.9886369442584109,0.33
LYS,1,0.33186192279107785,-0.8951598316976298,-1.0753884469795019,0.55
LYS,1,0.3616232771501443,-0.8906922316832514,-1.0694857296022253,-0.55
LYS,1,-0.17261665910687363,-0.9444427145307315,-1.070577049982443,0.33
LYS,1,-0.291340286815851,-0.9698681702621766,-1.0209702941667111,-0.32
LYS,1,-0.36043158930309127,-0.9626637022649943,-1.0056199270869723,0.33
LYS,1,-0.31602519700010545,-0.9263413081820989,-1.0535291299233387,0.33
LYS,1,-0.2742495712881321,-1.0309161030795286,-0.9643147479117489,0.33
LYS,1,0.49024421884141195,-1.0066509160784665,-0.9023404629248668,0.33
LYS,1,0.3679896036743805,-1.1110105382703974,-0.8355495242175651,0.33
LYS,1,0.44352424958128744,-1.061438049776833,-0.8628668950074597,0.33
VAL,2,0.319432307835132,-0.8071068230985076,-1.1464926291954352,-0.4
VAL,2,0.1751552473053518,-0.656558466655847,-1.2673418604245774,0.55
VAL,2,0.12122708475092192,-0.663848959359916,-1.2698473628984135,-0.55
VAL,2,0.30560969235198554,-0.8261517107854741,-1.1366529103852523,0.4
PHE,3,0.1029525959175106,-0.6262980244698942,-1.2903702257567242,-0.4
PHE,3,-0.06437611338218875,-0.4467338991834803,-1.3653528156951347,0.55
PHE,3,0.029437181364890708,-0.3588762970129174,-1.3922086868627461,-0.55
PHE,3,-0.15489615222850625,-0.5850567724064776,-1.3044613934749558,0.125
PHE,3,-0.22968255539886276,-0.7305831117228855,-1.217126950071873,-0.125
PHE,3,-0.13731225685898962,-0.8506911477504971,-1.1512487512417713,-0.125
PHE,3,-0.37915802298249845,-0.7397431925941775,-1.173423612596526,-0.125
PHE,3,-0.20798246492313832,-0.9752097436973717,-1.0361529916294734,-0.125
PHE,3,-0.44363540725819306,-0.8529416308732407,-1.0693839215785221,-0.125
PHE,3,-0.3649343064947344,-0.969103736456431,-0.9977798714696026,-0.125
PHE,3,-0.4058893356228269,-1.0385076150392962,-0.9081076768277858,0.125
PHE,3,-0.13515495875022093,-1.056460306517516,-0.9661928015974076,0.125
PHE,3,-0.5340499983500532,-0.8445070511391477,-1.0341674002883066,0.125
PHE,3,0.16573203198763095,-0.6280582248971368,-1.2829573382201036,0.4
PHE,3,-0.4287600231475647,-0.6585742205366258,-1.2043042018425332,0.125
PHE,3,-0.011467692595983901,-0.8387430588359682,-1.1680249763003843,0.125
GLY,4,-0.17037667835996975,-0.4309589453381862,-1.3613045018968117,-0.4
GLY,4,-0.2805597139367633,-0.22272029708896368,-1.3926900904942314,0.55
GLY,4,-0.3561209122965184,-0.27140469644654236,-1.3665361899899913,-0.55
GLY,4,-0.22337078051466858,-0.5078335948722382,-1.3266929962549407,0.4
ARG,5,-0.2793424302948536,-0.09569041914611949,-1.4073787415976946,-0.4
ARG,5,-0.5062707755536783,-0.023263533679309018,-1.3457534996430565,0.55
ARG,5,-0.5839190572937636,-0.024413809545764394,-1.3139049708457349,-0.55
ARG,5,-0.35819425485534717,0.36164136723925877,-1.3449223655179683,0.35
ARG,5,-0.3796849791962189,0.3261399174506333,-1.3481008281276912,-0.35
ARG,5,-0.47169503662690665,0.3297464635633199,-1.3178295922347207,0.35
ARG,5,-0.5599116983990742,0.36266270583226645,-1.273922455950435,-0.7
ARG,5,-0.47144778946196225,0.30338512347029567,-1.3242349567387381,-0.7
ARG,5,-0.31670693126873356,0.2984295301712826,-1.3705985215184622,0.45
ARG,5,-0.5299532618691565,0.30425688328227507,-1.3017223441233934,0.4
ARG,5,-0.41100512370173947,0.28381608993243,-1.3484906330289763,0.4
ARG,5,-0.22153975336881523,-0.07656688870356988,-1.4187887161984496,0.4
ARG,5,-0.6188858534200902,0.3599931586074762,-1.2471122636606553,0.4
ARG,5,-0.5649942116237582,0.39114596015122416,-1.2632062977477314,0.4
CYS,6,-0.542406246580354,-0.04992951472231301,-1.3308667398393845,-0.4
CYS,6,-0.6951413880819269,-0.20733286239580226,-1.24165023526225,0.55
CYS,6,-0.791352690422305,-0.22587506157497694,-1.1792561841688112,-0.55
CYS,6,-0.6678532965623191,-0.06915814303675953,-1.2716496756194515,0.29
CYS,6,-0.6455395619175125,0.06698311580883863,-1.283236419439688,-0.29
CYS,6,-0.4791805725003012,-0.046304337697248545,-1.3550445229693406,0.4
GLU,7,-0.6104818323262958,-0.2970630061156061,-1.267662918435967,-0.4
GLU,7,-0.6727747100931183,-0.4511874645888564,-1.1881531185994105,0.55
GLU,7,-0.7512804625805213,-0.520205253932149,-1.1103458615704798,-0.55
GLU,7,-0.39105046476013283,-0.6984724713425531,-1.1946210749723178,0.1
GLU,7,-0.2994721145222516,-0.6536798003012942,-1.2453605675795814,-0.55
GLU,7,-0.3827832209381807,-0.7849958477554773,-1.142436999031175,-0.55
GLU,7,-0.5304749931950089,-0.2672082036022272,-1.3096181998975622,0.4
LEU,8,-0.6182871264350732,-0.38803248836626414,-1.238973603123751,-0.4
LEU,8,-0.8223927658805887,-0.3021359906629309,-1.1403016064857183,0.55
LEU,8,-0.9228680300804738,-0.3566178848130915,-1.0435717777265383,-0.55
LEU,8,-0.5419057456778534,-0.3285218515936673,-1.2908583686087731,0.4
ALA,9,-0.8327145637275774,-0.1626532383643238,-1.1610487291178155,-0.4
ALA,9,-1.0316888591739846,-0.1667856545768164,-0.9877775130383208,0.55
ALA,9,-1.1221278360011084,-0.15935052517038373,-0.8850651398512417,-0.55
ALA,9,-0.7435362042601075,-0.13724242460867406,-1.22320161944894,0.4
ALA,10,-0.9890066527266869,-0.25245369031082804,-1.0129347200542118,-0.4
ALA,10,-1.068646544006245,-0.44001130263951627,-0.8557385053352984,0.55
ALA,10,-1.1368329839451454,-0.4531448351038275,-0.7550988657213085,-0.55
ALA,10,-0.9116103532216391,-0.24772169319039047,-1.0842067600796952,0.4
ALA,11,-0.9998471637686897,-0.5212322227503676,-0.8924832721406736,-0.4
ALA,11,-1.1038492009227534,-0.5981429731232637,-0.7011745127327192,0.55
ALA,11,-1.147302767080138,-0.6545600673989856,-0.5684639397511504,-0.55
ALA,11,-0.9300511178535619,-0.49442080751375106,-0.9790080465743349,0.4
MET,12,-1.1289800304325552,-0.475570757087022,-0.7530871914119164,-0.4
MET,12,-1.2982504448422687,-0.31869993272535474,-0.5299810443102765,0.55
MET,12,-1.3488856183144036,-0.32624381571737293,-0.3767974699905018,-0.55
MET,12,-1.135050160658955,-0.30049216311400323,-0.8302224790233359,0.265
MET,12,-1.0719646897085904,-0.023235223842350876,-0.9582565420447003,-0.53
MET,12,-1.0269759794074809,-0.11483122295633483,-1.0000189497879042,0.265
MET,12,-1.0660653795861417,-0.4270615594409854,-0.8654633457727683,0.4
LYS,13,-1.2790336314295403,-0.258626690286806,-0.6042259318532769,-0.4
LYS,13,-1.3304412524351437,-0.3177023255814762,-0.44372860863306196,0.55
LYS,13,-1.3674324575632353,-0.29592716532160507,-0.3323542670220959,-0.55
LYS,13,-1.3074776995008253,0.015979257009891647,-0.5984567658853454,0.33
LYS,13,-1.3028218387084345,-0.07029534163331547,-0.6046632066775144,-0.32
LYS,13,-1.2694899325216713,-0.08565497766836672,-0.6700464968994758,0.33
LYS,13,-1.3132090559125444,-0.13510894929016348,-0.5702028755377306,0.33
LYS,13,-1.3171199737314503,-0.047614884658247716,-0.5751795976363829,0.33
LYS,13,-1.2208665373472558,-0.2609732482732113,-0.7136397085728594,0.4
ARG,14,-1.2797219699966662,-0.432919993749509,-0.4927430674299556,-0.4
ARG,14,-1.283327877250089,-0.5783425773812454,-0.2940972537126185,0.55
ARG,14,-1.2898656295655508,-0.6015262469834397,-0.205709999358292,-0.55
ARG,14,-1.132462996500124,-0.7716123014357229,-0.43594241570594155,0.35
ARG,14,-1.0618431943819944,-0.8353075930003379,-0.4925992565982301,-0.35
ARG,14,-1.0011850699465257,-0.9278698711795,-0.45231596241345867,0.35
ARG,14,-1.0086080859587814,-0.9594401317318306,-0.3606773274569341,-0.7
ARG,14,-0.9224987766398519,-0.981379652376755,-0.5037794725664804,-0.7
ARG,14,-1.049629532990822,-0.8036093831744118,-0.5660331922493728,0.45
ARG,14,-0.8696814366280065,-1.0449970957633479,-0.4685499339572251,0.4
ARG,14,-0.9088520260120052,-0.9515986037903018,-0.5799585020143481,0.4
ARG,14,-1.2380939245767106,-0.4377614436344053,-0.5859966931424315,0.4
ARG,14,-0.9584359402186053,-1.020210482164129,-0.32935526800131576,0.4
ARG,14,-1.0566939822897101,-0.9193509093080141,-0.3257230500405927,0.4
HIS,15,-1.2812991925280877,-0.5886943653736645,-0.28216147041131323,-0.4
HIS,15,-1.3440380741361408,-0.5107381466838892,-0.024738083491331043,0.55
HIS,15,-1.33516420090469,-0.5223526514598661,0.11130155486736647,-0.55
HIS,15,-1.2296981114847092,-0.7304604535023174,-0.1489088730084053,0.125
HIS,15,-1.1284998503577033,-0.8722896425342107,-0.18303726191867314,0.142
HIS,15,-1.2691642258790587,-0.5591836245418178,-0.3800521198119941,0.4
HIS,15,-1.0655086711267785,-0.9620821590832719,-0.08362393740922845,0.142
HIS,15,-0.9206186662999871,-1.0967080295259568,-0.13265195518284623,0.45
HIS,15,-1.0788290631595479,-0.8445408772867062,-0.4367863677527022,0.45
HIS,15,-1.0735236238207755,-0.9562912002365678,0.03095062890023551,0.125
HIS,15,-0.9786902232741118,-1.0051477616909619,-0.3158277948753462,0.141
HIS,15,-1.0670519306294826,-0.9044292852493657,-0.3336339570603087,-0.35
HIS,15,-0.978842531359977,-1.0394089543908536,-0.17146456285020023,-0.35
HIS,15,-0.9186859708981977,-1.0339208062624141,-0.39360846692242385,0.125
GLY,16,-1.38192923938659,-0.3907130684724361,-0.07428759946154748,-0.4
GLY,16,-1.4303368503140248,-0.1398543163830785,0.049810007059651024,0.55
GLY,16,-1.4281170113091575,-0.05366455722867429,0.15970500708292096,-0.55
GLY,16,-1.3709223567282063,-0.39544613509033266,-0.17915919749039982,0.4
LEU,17,-1.4322361757945332,-0.11671940061877221,-0.05458837096992841,-0.4
LEU,17,-1.4198703762531417,0.20193711959409044,-0.10532467113316078,0.55
LEU,17,-1.3941655637737016,0.3485870071783453,-0.0518965431845552,-0.55
LEU,17,-1.4153338997900673,-0.20408993669777134,-0.1519243950925751,0.4
ASP,18,-1.412626467890437,0.1729502788660133,-0.2061029724095737,-0.4
ASP,18,-1.3871891379032282,0.358007586066867,-0.12426035563436694,0.55
ASP,18,-1.4077484401777085,0.2879379622754131,-0.0569195136874533,-0.55
ASP,18,-1.3367729714076237,0.34927988476009253,-0.3986795166502959,0.1
ASP,18,-1.3035323447817802,0.4629057722678039,-0.3929700295052637,-0.55
ASP,18,-1.3341016330919357,0.31529884328069074,-0.4343538234985309,-0.55
ASP,18,-1.4175356235734264,0.05999590102030662,-0.23430113047436119,0.4
ASN,19,-1.349433705258971,0.4877923339756814,-0.09482133729339194,-0.4
ASN,19,-1.3359170238634952,0.5080210469464846,0.15856889099569557,0.55
ASN,19,-1.3169051916841925,0.5251321164834002,0.24062574328901312,-0.55
ASN,19,-1.3229068303702003,0.547761452738751,-0.1333367205008006,0.55
ASN,19,-1.3220894554235123,0.5415050416779835,-0.16357118840367568,0.4
ASN,19,-1.2771214909211315,0.6404298226702759,-0.16344452160415282,-0.55
ASN,19,-1.345862334497476,0.4655059308015653,-0.1996561467876127,-0.78
ASN,19,-1.3286634997736086,0.4780465842685817,-0.2720818619808989,0.39
ASN,19,-1.3735370424272246,0.3892767569859308,-0.1725206408847791,0.39
TYR,20,-1.3526484387586872,0.4490741224170684,0.19125481870930994,-0.4
TYR,20,-1.2645961557926162,0.5328014966266589,0.42991033940513085,0.55
TYR,20,-1.2259782224831537,0.6361584417161814,0.4002294429584005,-0.55
TYR,20,-1.3569519804731247,0.29446247044629326,0.3740012676037812,0.125
TYR,20,-1.3175448712306452,0.21332829892461588,0.5352292229991346,-0.125
TYR,20,-1.3254816434001355,0.09348971939716717,0.5497834640627342,-0.125
TYR,20,-1.2443558815363847,0.2707112196734754,0.6679802748653668,-0.125
TYR,20,-1.2707246994295531,0.03287321208915183,0.6723703311175458,-0.125
TYR,20,-1.1796266527333594,0.19670379464663842,0.7985564158612771,-0.125
TYR,20,-1.1985938103683906,0.07894691588358536,0.7905972642246857,0.055
TYR,20,-1.1288820010714666,0.021826101357471064,0.8905351317814028,-0.49
TYR,20,-1.2715016000169492,-0.0369540965985977,0.6706875933543309,0.125
TYR,20,-1.1066104395288778,0.2354048497604027,0.887638250536496,0.125
TYR,20,-1.3677746334526828,0.43251982839084085,0.10011454496046757,0.4
TYR,20,-1.2217242929389696,0.37375181126028395,0.6600023542404506,0.125
TYR,20,-1.3594430910598976,0.05918512225195892,0.4650971677553381,0.125
TYR,20,-1.0686939082992728,0.029182005468664677,0.9617408761726608,0.435
ARG,21,-1.2322006831746968,0.52977410708316,0.5185794479427008,-0.4
ARG,21,-1.1279489864105923,0.7415072755388745,0.49578404205736454,0.55
ARG,21,-1.0507077572087538,0.8320323832845943,0.5211900748168696,-0.55
ARG,21,-1.042440421075598,0.5091313043861306,0.8497099831014769,0.35
ARG,21,-1.0545382326303143,0.3792272144229477,0.9011324030032716,-0.35
ARG,21,-1.0027327204048309,0.34564847096803375,0.9710602442317845,0.35
ARG,21,-0.9389499383744828,0.42254499669734297,1.0038588102781696,-0.7
ARG,21,-1.0093603701230391,0.23217418780338733,0.9975923825508213,-0.7
ARG,21,-1.1020071004332772,0.3085583196615222,0.870790380024265,0.45
ARG,21,-0.9702053205528282,0.212314480213953,1.039965369347926,0.4
ARG,21,-1.0512108732313188,0.16661702289184055,0.9670047774770365,0.4
ARG,21,-1.2624449550382457,0.44702878182957345,0.5237382702218301,0.4
ARG,21,-0.9042186027806759,0.39461152158577667,1.046219019803036,0.4
ARG,21,-0.9248385634351602,0.5044934813906801,0.9788073001352237,0.4
GLY,22,-1.1805443006309744,0.7241118406750232,0.3871446350170158,-0.4
GLY,22,-1.1265127954836398,0.8710993678926814,0.2001464085341319,0.55
GLY,22,-1.0841163928605126,0.9358862050155099,0.1292765638980359,-0.55
GLY,22,-1.232018796350293,0.6398994745123127,0.3749161505442867,0.4
TYR,23,-1.1461316993814272,0.8472282096251937,0.1910242405267863,-0.4
TYR,23,-1.1720313985346267,0.8308126751641505,-0.0632176527250109,0.55
TYR,23,-1.2408170065562591,0.723732184981111,-0.06699740773892926,-0.55
TYR,23,-1.0710635176083483,0.9499357009841674,0.13545802753862632,0.125
TYR,23,-0.9617979982220548,1.0363034792096404,0.2625328199950395,-0.125
TYR,23,-0.8431033364121433,1.14585815315232,0.2099753056089502,-0.125
TYR,23,-0.9601732711318758,0.9824108156406731,0.4252529255591856,-0.125
TYR,23,-0.734697965075021,1.195500341251742,0.3144862575091256,-0.125
TYR,23,-0.8472531258040109,1.0377361769549747,0.522656234856824,-0.125
TYR,23,-0.7391203775109455,1.1424466018289179,0.4652102766471746,0.055
TYR,23,-0.6281021588651441,1.1731113648704123,0.5451616050505841,-0.49
TYR,23,-0.6497720477598471,1.2536073221105326,0.2723393836398618,0.125
TYR,23,-0.8386852661559764,0.9889163154843494,0.6217357294560474,0.125
TYR,23,-1.1811289871692954,0.7768216609269072,0.26341259416303703,0.4
TYR,23,-1.0313009828746282,0.8895073950187021,0.46162609210201005,0.125
TYR,23,-0.8290082119790516,1.1714970261896587,0.09079578228412936,0.125
TYR,23,-0.5840945131531684,1.2223728377468355,0.4822261059125866,0.435
SER,24,-1.1353266458942926,0.8656200794597484,-0.1721599754269845,-0.4
SER,24,-1.1594138305050175,0.7521374619826696,-0.39743248470206394,0.55
SER,24,-1.1054553062270376,0.828729413508196,-0.3988482131103929,-0.55
SER,24,-1.0223157934118223,0.9259305788210473,-0.4067268785381433,-0.49
SER,24,-1.0769029459701651,0.940707874127606,-0.15248774539484974,0.4
SER,24,-0.9937953153446444,0.9141145717614094,-0.49464046829287966,0.49
LEU,25,-1.1948182377611867,0.6366354091908775,-0.48477675940387377,-0.4
LEU,25,-1.0681518646166082,0.6510540462123654,-0.7092841426445927,0.55
LEU,25,-1.0307450191669625,0.6336854290986349,-0.7771172719680616,-0.55
LEU,25,-1.2211665101408118,0.5998339457236387,-0.46567731751570884,0.4
GLY,26,-1.0001106361816354,0.7326270445875269,-0.7286563668258278,-0.4
GLY,26,-0.8013133694819031,0.9101424347222867,-0.7729433384070608,0.55
GLY,26,-0.6804627057257989,0.9319784098111165,-0.8580737274516522,-0.55
GLY,26,-1.036987876674551,0.7300751863413745,-0.6779012744486611,0.4
ASN,27,-0.8546838933770792,0.9715541055207195,-0.6272972456723666,-0.4
ASN,27,-0.7660043692514389,1.0592712738237458,-0.5992373876186539,0.55
ASN,27,-0.6041201227505962,1.1395297435932905,-0.6359360130819127,-0.55
ASN,27,-0.7823462129129476,1.1667283389739143,-0.3075437499876158,0.55
ASN,27,-0.9384656370313738,0.9306284647085451,-0.5666715810467468,0.4
ASN,27,-0.6631823798593766,1.2417434876643694,-0.29354048079896455,-0.55
ASN,27,-0.8683787423595519,1.1072213044984383,-0.29645086382624103,-0.78
ASN,27,-0.8440727262745332,1.130466519759265,-0.2783710696953933,0.39
ASN,27,-0.9519692990709026,1.0332367297159935,-0.30672477234934714,0.39
TRP,28,-0.9243934629042068,0.9202063592060858,-0.6054921586586849,-0.4
TRP,28,-0.8109030802600147,0.7416095113698911,-0.9275533941779507,0.55
TRP,28,-0.6750924419993857,0.7295226308802581,-1.0392067637238307,-0.55
TRP,28,-1.1640588630845379,0.6104604677376312,-0.5832741658811839,0.125
TRP,28,-1.2424626100131022,0.6538998709624598,-0.31081408181614595,-0.125
TRP,28,-1.2630662612388222,0.645316288317766,-0.2369267391673451,-0.125
TRP,28,-1.2768610539749061,0.6612751413108829,-0.015646351231802816,-0.4
TRP,28,-1.2368631946228659,0.7315600940782941,0.05378697351572734,-0.125
TRP,28,-1.2150615707524173,0.6742484574175079,0.37002455179526306,-0.125
TRP,28,-1.1712131233138217,0.7220714188068036,0.4180627439754914,-0.125
TRP,28,-1.1525778076134392,0.6802684252960153,0.5260257017701535,-0.125
TRP,28,-1.0698949312271744,0.650090848878961,0.7075383355824171,0.125
TRP,28,-1.279970418710619,0.6540953565595511,0.041698485985730824,0.4
TRP,28,-1.220405112259339,0.7493407497207467,-0.13039775596123063,0.125
TRP,28,-1.0892179928507666,0.7285632186320294,0.5922023070600038,0.125
TRP,28,-1.2033322696847608,0.6572965399428203,0.43342413326327833,0.125
TRP,28,-1.2526321565302907,0.6251781109326272,-0.328586034422479,0.125
TRP,28,-1.007110791294406,0.8582104466378802,-0.5631220607652233,0.4
VAL,29,-0.7890007362561019,0.6682996073832103,-0.9993784292945695,-0.4
VAL,29,-0.4263361928379952,0.7052127655617588,-1.1784804529332018,0.55
VAL,29,-0.25436553186679495,0.6386279307591889,-1.263074152309699,-0.55
VAL,29,-0.8726720848417806,0.6872245141668267,-0.9132741491176531,0.4
CYS,30,-0.42354818120981125,0.8626903620450239,-1.06970839456788,-0.4
CYS,30,-0.08320829335005858,1.0206731027276474,-1.009557610672414,0.55
CYS,30,0.11172263869859314,0.9894993386836576,-1.0374550027482319,-0.55
CYS,30,-0.28320678235503516,1.0704535555604577,-0.9175112401472729,0.29
CYS,30,-0.09980507351994873,1.1403465541661673,-0.8703748937564382,-0.29
CYS,30,-0.5539790314898254,0.8797377787241258,-0.9935151963284914,0.4
ALA,31,-0.16749683528404496,1.0991121432637043,-0.9120312925994375,-0.4
ALA,31,0.2060040540723848,0.9974368712636076,-1.015177713274928,0.55
ALA,31,0.4840129184563223,0.9513797752444051,-0.9635931662292982,-0.55
ALA,31,-0.35607338349933587,1.0905027548503847,-0.8671327806094993,0.4
ALA,32,0.03185489884213712,0.7982869084956707,-1.1956701255466269,-0.4
ALA,32,0.352356107353357,0.4522848500903879,-1.3187825294452495,0.55
ALA,32,0.5579008518321524,0.31970461907539843,-1.2862501187744624,-0.55
ALA,32,-0.21893683721146112,0.8152172062198925,-1.1642127554598345,0.4
LYS,33,0.23110950771466227,0.5478720981620563,-1.3093236160246624,-0.4
LYS,33,0.52316692552426,0.5872649769964554,-1.2038770646587431,0.55
LYS,33,0.6402372212204366,0.4835227763146731,-1.1934009373757797,-0.55
LYS,33,0.3813725265517304,0.47290113202141554,-1.303389154207184,0.33
LYS,33,0.3975252854181958,0.3467553695684888,-1.3377735731838583,-0.32
LYS,33,0.34281302050126283,0.2781581691762243,-1.3685799347775918,0.33
LYS,33,0.3691247299027061,0.3626524775887201,-1.341690682032756,0.33
LYS,33,0.4881937979378816,0.3126598565556016,-1.3159841950928297,0.33
LYS,33,0.06320589642907753,0.628620533476881,-1.2917991374545592,0.4
PHE,34,0.5325103089050941,0.7572018081363013,-1.100446257045487,-0.4
PHE,34,0.8539642250460207,0.749298194455749,-0.8815900918836423,0.55
PHE,34,0.9583966896887728,0.7199277929291604,-0.7944076599216896,-0.55
PHE,34,0.613135521693365,0.9600600770858391,-0.8776407308256852,0.125
PHE,34,0.49975948867481773,0.9641536435594628,-0.9426303501749784,-0.125
PHE,34,0.5437634943533041,0.8771869360926312,-1.0013831001857438,-0.125
PHE,34,0.34955881152318186,1.0421516545443528,-0.9271635983996966,-0.125
PHE,34,0.4558282420986367,0.8773217452658433,-1.0442370137901964,-0.125
PHE,34,0.2695472496452364,1.023665396305867,-0.9733227669150383,-0.125
PHE,34,0.32907371889068743,0.9465045328760744,-1.031379381586137,-0.125
PHE,34,0.279750602306688,0.9388982802478422,-1.0526696499078876,0.125
PHE,34,0.48630870051982533,0.8245597889767062,-1.0730837684831105,0.125
PHE,34,0.17107850702289581,1.0637170870703525,-0.9524399587847445,0.125
PHE,34,0.40548065578620274,0.8367061360462722,-1.0970013909135274,0.4
PHE,34,0.2989436680189599,1.1064454808443205,-0.8685130127125649,0.125
PHE,34,0.6369668043704622,0.8136010665227595,-1.0001151766989713,0.125
GLU,35,0.8751685910419699,0.714950327566729,-0.889286083522252,-0.4
GLU,35,1.134662055334498,0.3566819730300442,-0.8082225945121758,0.55
GLU,35,1.2308428574218702,0.2849315714760195,-0.6868359570452591,-0.55
GLU,35,1.0904832597108916,0.917901598050935,-0.1902805522546978,0.55
GLU,35,1.2267769962667512,0.731997650357864,-0.1646250688133469,-0.49
GLU,35,0.9729768480422973,1.0579386745676553,-0.04455991481381068,-0.495
GLU,35,1.2397333023487676,0.7276481780769535,-0.03864246329123526,0.435
GLU,35,0.7372947045419439,0.7440434058791924,-0.985240935407479,0.4
SER,36,1.0247933572946344,0.2266002238997819,-0.9830334100903518,-0.4
SER,36,0.9128695916394188,-0.034445803320457526,-1.1105792935554826,0.55
SER,36,0.9063337477647516,-0.180686956778699,-1.1017327867015925,-0.55
SER,36,0.8018408915137631,-0.23215465228218307,-1.1709223604068109,-0.49
SER,36,0.8943343348850117,0.3115531715999748,-1.082129609008221,0.4
SER,36,0.7789256498239037,-0.22880022630041846,-1.1869410518099843,0.49
ASN,37,0.8067269354963637,0.10985014802230807,-1.1853389255839986,-0.4
ASN,37,0.5867360761636079,-0.07131658159894404,-1.3109380206926946,0.55
ASN,37,0.5571593564076581,-0.1505893587352,-1.3171180921176473,-0.55
ASN,37,0.700646033660365,0.11373733645118793,-1.2506249341003453,0.55
ASN,37,0.8067363249837672,0.24563332353829948,-1.1647937775845645,0.4
ASN,37,0.6065878249719595,0.1988044920057845,-1.2885774158096261,-0.55
ASN,37,0.735009790151486,0.06169536554739278,-1.2344464598482783,-0.78
ASN,37,0.694280347312157,0.0865784609354173,-1.2563370333706916,0.39
ASN,37,0.7992211017129426,-0.0011523171564061336,-1.1954698133882038,0.39
PHE,38,0.5159322117935122,-0.11403448482429404,-1.3374280769765594,-0.4
PHE,38,0.4362072651475887,-0.4676053944315765,-1.2880109428539248,0.55
PHE,38,0.3247483678705541,-0.5752130170623986,-1.2773301274720992,-0.55
PHE,38,0.22536980777135018,-0.23286695507603505,-1.4010300506981375,0.125
PHE,38,0.12410112033101962,-0.058514111561626926,-1.4314603671290536,-0.125
PHE,38,0.04924441359715114,0.03321773768572175,-1.43679342343046,-0.125
PHE,38,0.0910864504485865,0.011465855857717306,-1.4350873021090502,-0.125
PHE,38,-0.06486967687015706,0.20209870098646074,-1.4222699504886027,-0.125
PHE,38,-0.0006545136736793439,0.14718534900402552,-1.4304683906437499,-0.125
PHE,38,-0.07782966083317365,0.24304673519359843,-1.4151941917584425,-0.125
PHE,38,-0.14391924253313948,0.33950593735675866,-1.3899376756202781,0.125
PHE,38,-0.13729160082677141,0.28856368547906025,-1.4020648300794332,0.125
PHE,38,-0.01373094494324447,0.17638615988192316,-1.4270960569399593,0.125
PHE,38,0.5655066592392625,-0.014336286506365405,-1.322081866310011,0.4
PHE,38,0.13496913298547147,-0.04141595387817802,-1.4310736612369106,0.125
PHE,38,0.07460467602682441,-0.022385896967287423,-1.4359097415619158,0.125
ASN,39,0.6098041482354523,-0.48544096286036265,-1.2084658639583261,-0.4
ASN,39,0.6962542041706762,-0.7610652551326434,-1.0019548555623887,0.55
ASN,39,0.8309668750364488,-0.7227081665060185,-0.9247111606540568,-0.55
ASN,39,0.8137804344979643,-0.6633504048433283,-0.982665465355836,0.55
ASN,39,0.6955958843983545,-0.3701919511045199,-1.2029164796136118,0.4
ASN,39,0.7465518179672666,-0.7819787192442634,-0.9481948310971622,-0.55
ASN,39,0.8948416025693767,-0.6080918358377079,-0.9473049126226999,-0.78
ASN,39,0.9053890118942771,-0.6604580324610865,-0.9010936113852102,0.39
ASN,39,0.9353920336165332,-0.5119913612794338,-0.9647851374282587,0.39
THR,40,0.5803362212095791,-0.9039698878912715,-0.9560084121588754,-0.4
THR,40,0.7272981123686321,-1.0456755098091026,-0.6674608272483135,0.55
THR,40,0.7635324158574323,-1.1042623080842155,-0.5152929039487535,-0.55
THR,40,0.4319100778077421,-1.136099051012572,-0.7685287261755078,-0.49
THR,40,0.49253830131454424,-0.8980206132334817,-1.009390297123194,0.4
THR,40,0.4625544578193804,-1.184580974056481,-0.6713531570159802,0.49
GLN,41,0.7879797699328702,-0.9744305422799199,-0.7053203332026576,-0.4
GLN,41,1.0174453724626888,-0.8516250448796838,-0.5544758506629863,0.55
GLN,41,1.0742037753827902,-0.8317791868794779,-0.4713103067067169,-0.55
GLN,41,0.73241630815718,-1.0579492166482738,-0.6420386113928165,0.55
GLN,41,0.7460380621290261,-0.9235603415742096,-0.8113983468719924,0.4
GLN,41,0.6512686236149409,-1.002515482935955,-0.7991968833453335,0.39
GLN,41,0.7716199199937115,-1.0771532897438756,-0.5587908924126718,-0.55
GLN,41,0.6883992676172522,-1.0282033563408894,-0.7326718763088059,-0.78
GLN,41,0.68902039263909,-1.0274327319082206,-0.7331689109008855,0.39
ALA,42,1.0554223269761513,-0.7589654432240243,-0.6147836527531546,-0.4
ALA,42,1.2391761358162618,-0.620775123087258,-0.38338560609389327,0.55
ALA,42,1.2231422551904811,-0.6996380408430881,-0.2869379852046342,-0.55
ALA,42,0.984675119155879,-0.7837192683335124,-0.6957749565331054,0.4
THR,43,1.2900096104024994,-0.5469616398054263,-0.32343769358418284,-0.4
THR,43,1.380318494777173,-0.37223732936950665,-0.1551257411922431,0.55
THR,43,1.376793668240505,-0.32822764200622984,-0.2541841499708218,-0.55
THR,43,1.2939506087518933,-0.6016833517489018,-0.17768719233337416,-0.49
THR,43,1.2827823649447663,-0.5102733335346125,-0.402485156559458,0.4
THR,43,1.2523495421856694,-0.6637620510210173,-0.2427845460325295,0.49
ASN,44,1.4072204911730306,-0.2943651460348237,-0.03135955999590391,-0.4
ASN,44,1.424807178129032,-0.14415554871601025,0.13056590254302958,0.55
ASN,44,1.4110389961635843,-0.1462696182757445,0.23553751729955386,-0.55
ASN,44,1.4162317502665238,-0.024734866267948942,-0.24815234818197873,0.55
ASN,44,1.404004664328617,-0.00477604388929656,-0.3108888288902654,-0.55
ASN,44,1.4004870930040885,-0.047282480232705,-0.32296136204274817,-0.78
ASN,44,1.3675055288606914,-0.04926881314793496,-0.44204636020098614,0.39
ASN,44,1.4130200886367927,-0.06485353598559906,-0.2589826634343328,0.39
ASN,44,1.396208163285439,-0.3393101919886064,0.05809587221361859,0.4
ARG,45,1.4252254819270243,-0.13155431472471774,0.13903078768278673,-0.4
ARG,45,1.4087755784735825,0.014824060103650673,0.28815861729084435,0.55
ARG,45,1.4193587142886812,0.0900955437852418,0.2126203309736143,-0.55
ARG,45,1.3612442492695838,-0.2794313000149314,0.3699135228441341,0.35
ARG,45,1.3297239019875922,-0.29035571961806994,0.46414617584169565,-0.35
ARG,45,1.3190987456467447,-0.3282984555052374,0.4691507170692214,0.35
ARG,45,1.3356365448813077,-0.3568522492559422,0.395771732390026,-0.7
ARG,45,1.285832233799507,-0.3408981484346716,0.5461938217304249,-0.7
ARG,45,1.3115609711882967,-0.26391022523291946,0.5273167775195723,0.45
ARG,45,1.278905970630162,-0.365977812318002,0.5462266298506124,0.4
ARG,45,1.2650969809273083,-0.32241300487372476,0.6028957249122028,0.4
ARG,45,1.4306512801784759,-0.13430981077546614,0.055691662155584284,0.4
ARG,45,1.3266687290538908,-0.3813563965798664,0.4030150792695716,0.4
ARG,45,1.353936218288534,-0.3514370939217971,0.33354528598505245,0.4
ASN,46,1.3806208235234831,0.03864092036164369,0.4003708192506661,-0.4
ASN,46,1.351634108963123,0.1509688777716237,0.46711605133237166,0.55
ASN,46,1.3524286093724258,0.06750087864213121,0.484029193245627,-0.55
ASN,46,1.3236257998029568,0.1892783557432337,0.5292373929756157,0.55
ASN,46,1.3474766291957156,0.2532225491599035,0.43369211008366015,-0.55
ASN,46,1.292440191091988,0.11856765207584406,0.6192284201422223,-0.78
ASN,46,1.2932923945721346,0.10986299695680035,0.6190546631938488,0.39
ASN,46,1.2619643210228442,0.07136676280247196,0.685752586296948,0.39
ASN,46,1.3641585159535383,-0.035604676981220974,0.45355002183773363,0.4
THR,47,1.3378162211777707,0.2395671166387452,0.4698501111626277,-0.4
THR,47,1.3022589742125168,0.19576954234004182,0.5776673976913014,0.55
THR,47,1.3052103137062672,0.15771385049330566,0.5826286556099595,-0.55
THR,47,1.2764248747590734,0.39739882281525046,0.5298277896655124,-0.49
THR,47,1.328799345519083,0.3080091229477568,0.4553311448929405,0.4
THR,47,1.2628283466187908,0.3637825732146127,0.5838069701381707,0.49
ASP,48,1.2681758743475835,0.20461103840265402,0.6463497866225646,-0.4
ASP,48,1.2358661737851695,0.05530140940293626,0.7331304976551982,0.55
ASP,48,1.2000902271040066,0.012991260161300667,0.7921606187821888,-0.55
ASP,48,1.1708712106540209,0.18873335825612536,0.8132306557941958,0.1
ASP,48,1.2156222891350403,0.14082310956999905,0.7552053190686794,-0.55
ASP,48,1.1166142945510653,0.21895871583680906,0.8792800293102463,-0.55
ASP,48,1.2669825962722983,0.24368044525212817,0.6350422925485645,0.4
GLY,49,1.2743057097843964,0.009516907316462845,0.6663018523661183,-0.4
GLY,49,1.2555815741062553,-0.15595514183470796,0.6834447135509059,0.55
GLY,49,1.2505250713585399,-0.24977010799487648,0.6646094424821637,-0.55
GLY,49,1.298568996893572,0.05440362550098142,0.6153556514891825,0.4
SER,50,1.237294358741232,-0.10355816050815275,0.7254530647807588,-0.4
SER,50,1.268805617189479,-0.1837863581868907,0.6513514046298897,0.55
SER,50,1.3138602659082173,-0.13398007277701465,0.56896776160584,-0.55
SER,50,1.2002311228251612,0.028643919591928697,0.7915355643638312,-0.49
SER,50,1.234828108852358,-0.02188119713311091,0.7366305225692433,0.4
SER,50,1.2068017407583216,0.07519038031217609,0.7783827703589673,0.49
THR,51,1.2557576179308052,-0.26480193682125136,0.6487345460548326,-0.4
THR,51,1.2887700864468625,-0.30880689041817533,0.558223737125634,0.55
THR,51,1.2207151220816121,-0.3505141820974612,0.6744613931503625,-0.55
THR,51,1.2994168359868978,-0.4114033385248582,0.45843969220051767,-0.49
THR,51,1.2031121705229861,-0.30545047314747126,0.7260336669700375,0.4
THR,51,1.2713097017343056,-0.40859183218584,0.5335992212585717,0.49
ASP,52,1.3415416034873084,-0.2582269720573227,0.4488749591983415,-0.4
ASP,52,1.3333145303892109,-0.4345061783106974,0.3184030716612751,0.55
ASP,52,1.351904828963706,-0.45434788620452143,0.1839160235178053,-0.55
ASP,52,1.3563173183452513,0.09498986232302224,0.46827772741515805,0.1
ASP,52,1.2933291120027446,0.07425888861823916,0.6242509090805407,-0.55
ASP,52,1.3646076107227685,0.24027275310671622,0.3847321728846202,-0.55
ASP,52,1.3752611967097503,-0.21483792218613976,0.3611164355103668,0.4
TYR,53,1.2727869853776066,-0.5610421804573259,0.3648955104979764,-0.4
TYR,53,1.158790592921046,-0.8409894067888712,0.13358499693864495,0.55
TYR,53,1.1210971525829905,-0.8606984170873327,0.26503430207083795,-0.55
TYR,53,1.0830715639168556,-0.8732285064583554,0.3637742911802759,0.125
TYR,53,1.1034830326650498,-0.8255327516273091,0.4107610553490848,-0.125
TYR,53,1.1174802349885544,-0.7213386721038741,0.546637189109788,-0.125
TYR,53,1.0957499856531916,-0.8775290700808375,0.31173461804008246,-0.125
TYR,53,1.127568943787658,-0.6935500645314243,0.5616763810011487,-0.125
TYR,53,1.1128940197568171,-0.8404353467025241,0.35076929851830857,-0.125
TYR,53,1.1296004152359624,-0.7572660875855792,0.4673914274696068,0.055
TYR,53,1.1380210762623173,-0.7314567035469782,0.4876298727513013,-0.49
TYR,53,1.126486379590981,-0.6254536357510461,0.638545188770777,0.125
TYR,53,1.1063961716289261,-0.8706689755324541,0.29279142479011894,0.125
TYR,53,1.2467703892550033,-0.5103523546605873,0.5029988494517922,0.4
TYR,53,1.069766506960543,-0.9373365783100805,0.21190453399560263,0.125
TYR,53,1.1101455406964789,-0.6620304861813419,0.630235103607157,0.125
TYR,53,1.1267705535324413,-0.6877333709840701,0.5703636577724677,0.435
GLY,54,1.1167148999316874,-0.9015154994273711,-0.09011885786717572,-0.4
GLY,54,1.0379468098873865,-0.8772888449662767,-0.4700366733807468,0.55
GLY,54,1.1932930452832173,-0.6422162466445139,-0.4811587810744422,-0.55
GLY,54,1.1440201294862553,-0.8615363898673265,-0.12991060097286491,0.4
ILE,55,0.8261071828986433,-0.9870892738859673,-0.6411750616821017,-0.4
ILE,55,0.8900457342449185,-0.5919952248014069,-0.9619064490610615,0.55
ILE,55,0.8695277500849807,-0.21268066919846984,-1.1254297831326252,-0.55
ILE,55,0.6746759130596818,-1.1448434719967673,-0.5495904010660819,0.4
LEU,56,1.0437606118175011,-0.7606173734648201,-0.6323992159880806,-0.4
LEU,56,1.4328344431817583,-0.07816481070970506,0.093698947588761,0.55
LEU,56,1.3376755780455445,0.26880919245960705,0.454168953067289,-0.55
LEU,56,0.9148044102285992,-1.038686160118038,-0.39008681570396053,0.4
GLN,57,1.4082261531694384,-0.2911880200903118,0.0035228491303200805,-0.4
GLN,57,1.3220816484174769,-0.13097971767774946,0.550316454828755,0.55
GLN,57,1.2886761945602352,0.099354869975178,0.6303539064418271,-0.55
GLN,57,1.4189515594356419,-0.12106887008533009,-0.19955593865361637,0.55
GLN,57,1.328313336555978,-0.5054161312705755,-0.21918482191866015,0.4
GLN,57,1.338099443091007,-0.43378680613022313,-0.2987016223715272,0.39
GLN,57,1.4309347295852497,-0.04714536827931062,-0.13456182927227806,-0.55
GLN,57,1.3748552540614571,-0.34769199720926125,-0.2383003932786235,-0.78
GLN,57,1.356740525854832,-0.42607195813527793,-0.2135921439904308,0.39
ILE,58,1.1927148780491106,-0.3818300945658581,0.7067819823288,-0.4
ILE,58,1.0584206766970161,-0.3362095285438485,0.9135713415147496,0.55
ILE,58,1.106133035049684,-0.46682767833497907,0.7914830380321825,-0.55
ILE,58,1.175033763212886,-0.5990394956696786,0.5730192927974458,0.4
ASN,59,1.0141648594037007,-0.17137830822868472,1.004988997651144,-0.4
ASN,59,0.9608552943864267,-0.2753338070050074,1.033853069807411,0.55
ASN,59,0.8362589793649297,-0.29042926022581256,1.1332367520587736,-0.55
ASN,59,1.0715168923823166,0.05291277682103135,0.9575779651646835,0.55
ASN,59,0.9359015697282508,-0.058231649673667084,1.0902298375741621,0.4
ASN,59,1.0065678741946218,0.04346712118040615,1.0260777241496444,-0.55
ASN,59,1.1650014808311886,0.06727412182985697,0.8403270281108806,-0.78
ASN,59,1.1791687373542854,0.0703270960199332,0.8200725336165138,0.39
ASN,59,1.215463877614863,0.07483994706602752,0.7648204472404625,0.39
SER,60,1.0180278938810583,-0.33624209434294583,0.9583653965228875,-0.4
SER,60,0.9143382371715266,-0.336320538603994,1.0577229577444605,0.55
SER,60,0.8578573421008665,-0.3891666540205297,1.086523753989119,-0.55
SER,60,1.096106842764743,-0.3921275534225561,0.8442094189664393,-0.49
SER,60,1.1022173043009968,-0.30496485411172997,0.8717896671999271,0.4
SER,60,1.1025645540462299,-0.42450800241788383,0.8197854182800043,0.49
ARG,61,0.9404298000580181,-0.20503934087930473,1.0683887082121009,-0.4
ARG,61,0.7815763588358037,-0.13836025029914079,1.199124100511132,0.55
ARG,61,0.7378188529089256,-0.1439237595035206,1.2258927619180378,-0.55
ARG,61,0.9106527239708229,0.04103634668923756,1.1121741799535838,0.35
ARG,61,0.9956336495799546,0.05141827110385069,1.036326960568573,-0.35
ARG,61,1.0282732899117588,-0.0037390832994946836,1.0052580924770678,0.35
ARG,61,0.9904272311153118,-0.06823437514850775,1.0403373212058937,-0.7
ARG,61,1.0921712820085152,0.010131416917123283,0.9353945783078033,-0.7
ARG,61,1.0252238285275554,0.10674863280195057,1.0027086330508583,0.45
ARG,61,1.1092215146931628,-0.026254851024354566,0.9147907335123154,0.4
ARG,61,1.1191325699598507,0.05986822561527291,0.901033772062537,0.4
ARG,61,0.9918624007508514,-0.15990114953733509,1.028855855955489,0.4
ARG,61,1.0123859832762159,-0.10096180531251346,1.0162603538042767,0.4
ARG,61,0.9380190226937781,-0.08067833165541387,1.0869752029583812,0.4
TRP,62,0.7260975569718521,-0.14646673902439028,1.2325719468248393,-0.4
TRP,62,0.5128536378522782,-0.26012172583295307,1.3180370275041122,0.55
TRP,62,0.41683141229519194,-0.3000797233455347,1.3431706910669874,-0.55
TRP,62,0.5414406484868588,-0.011766632835625462,1.3321438895623652,0.125
TRP,62,0.6064279485260309,0.10832891286327798,1.2993897651839785,-0.125
TRP,62,0.6875188694228271,0.19357841982425783,1.2480981417927064,-0.125
TRP,62,0.7128698689499868,0.2788455467126287,1.2173600465771288,-0.4
TRP,62,0.5349924006220467,0.11190929914662386,1.330098948207116,-0.125
TRP,62,0.6577903440485253,0.2971549777044156,1.2437501977819005,-0.125
TRP,62,0.5459857774448952,0.16710952679500768,1.3198021476201451,-0.125
TRP,62,0.6039492013315828,0.2533998400679014,1.2802100043528055,-0.125
TRP,62,0.6050495790782692,0.28155735681152827,1.2737912833989016,0.125
TRP,62,0.7620588782838269,0.3473896095165395,1.1689698444396444,0.4
TRP,62,0.48695746604953793,0.045109941314676334,1.352309613747423,0.125
TRP,62,0.5112595592268472,0.14232021798712435,1.3365112759089512,0.125
TRP,62,0.6957798967213717,0.35807867227368,1.206471620785844,0.125
TRP,62,0.722967738514548,0.1909063719269786,1.228322505779872,0.125
TRP,62,0.7779373895632516,-0.15155516896782864,1.199895087355204,0.4
TRP,63,0.5540387273731956,-0.3250346686449133,1.2865835863752055,-0.4
TRP,63,0.44501415377120507,-0.5904144701373036,1.2334005547170352,0.55
TRP,63,0.32448701216904696,-0.6734957265318241,1.2284199026625546,-0.55
TRP,63,0.42663071339885006,-0.39222808639790635,1.3160726175275932,0.125
TRP,63,0.4085498746774232,-0.18792812316311636,1.3658966990244743,-0.125
TRP,63,0.5327634285638959,-0.052049863784203586,1.3346751338229816,-0.125
TRP,63,0.4457282073733479,0.11979689401412345,1.3619393677094498,-0.4
TRP,63,0.0983417847272102,-0.15916643164774302,1.4257975706227362,-0.125
TRP,63,0.16476575939948884,0.1938170174826307,1.4153412946155968,-0.125
TRP,63,-0.004514132649782335,-0.039705294814618056,1.437465437549929,-0.125
TRP,63,0.026601914102539155,0.12156277232823047,1.4326264699950442,-0.125
TRP,63,-0.04351768856562105,0.1885482256626707,1.424941945961964,0.125
TRP,63,0.50101658618896,0.24079876832132638,1.326236067040479,0.4
TRP,63,0.07077381441789334,-0.2768175500929353,1.409349808647162,0.125
TRP,63,-0.09528727772238509,-0.08023531997573236,1.43261523100697,0.125
TRP,63,0.18711021577546197,0.3112771911122438,1.391402188235392,0.125
TRP,63,0.6584964765794411,-0.06393048694267486,1.2767924871145815,0.125
TRP,63,0.6560593508544792,-0.30513395511075503,1.2427321391093786,0.4
CYS,64,0.5660004972613631,-0.6300056607160558,1.1621704163099835,-0.4
CYS,64,0.645464412090385,-0.744307138511641,1.0475143666155284,0.55
CYS,64,0.720978440781169,-0.6516510560050428,1.0599267715822502,-0.55
CYS,64,0.5958623148989032,-0.8514929636510238,0.993887119604949,0.29
CYS,64,0.7827762372230102,-0.7845482262623311,0.9163237501495426,-0.29
CYS,64,0.6524938287928238,-0.550130517493806,1.157372882475559,0.4
ASN,65,0.6188895586730919,-0.8262376178813928,1.001104832144772,-0.4
ASN,65,0.7503274021849522,-0.8650285087335745,0.8698495505482855,0.55
ASN,65,0.715565604580122,-0.9478546962269914,0.8108274245256062,-0.55
ASN,65,0.6559568119549397,-0.8380124272882659,0.9671399094964729,0.55
ASN,65,0.5472865429674721,-0.8901650637985902,0.9879207311620047,0.4
ASN,65,0.7161021410554833,-0.7713999553438894,0.9798181486641814,-0.55
ASN,65,0.6290332541288968,-0.8963945963639607,0.9320395188992836,-0.78
ASN,65,0.6561318380388149,-0.8887756062829291,0.9205828071220554,0.39
ASN,65,0.5787959993513848,-0.9452459843628471,0.9161926610496559,0.39
ASP,66,0.8407235007728021,-0.807218431569928,0.842310020694646,-0.4
ASP,66,0.9207611896165335,-0.8240666273119753,0.7355384404822883,0.55
ASP,66,0.9648891004185861,-0.8334681160283078,0.6649990191256976,-0.55
ASP,66,1.037330332865874,-0.6769559819907832,0.7304657082599939,0.1
ASP,66,1.0118705236183256,-0.6427840545884966,0.7942609612587372,-0.55
ASP,66,1.1016529740291783,-0.6182057665600124,0.6870852399703544,-0.55
ASP,66,0.8551752443453342,-0.7367262664389048,0.8909621101811205,0.4
GLY,67,0.8830057996608234,-0.7991313535672517,0.8059737027295788,-0.4
GLY,67,0.9650802523799974,-0.7209042939764295,0.7853794480205166,0.55
GLY,67,0.974946362836517,-0.7169000910581428,0.776812474805328,-0.55
GLY,67,0.8416138892765902,-0.7876679111957235,0.8597494373535828,0.4
ARG,68,1.0093238798666615,-0.6645915860294989,0.7794145888358835,-0.4
ARG,68,1.0862770261738564,-0.5070649287409246,0.7942236161361288,0.55
ARG,68,1.1374278708280448,-0.44951432464948915,0.756371920802855,-0.55
ARG,68,1.1950269175655428,-0.595227514881071,0.5343394462350753,0.35
ARG,68,1.2314141131738514,-0.5612333565471926,0.4863539589183318,-0.35
ARG,68,1.2645523966224057,-0.5618133333540138,0.3913780610134997,0.35
ARG,68,1.2626398788187163,-0.5949320726210865,0.3459770763561378,-0.7
ARG,68,1.2954950915465264,-0.5232095535062522,0.34036451471789797,-0.7
ARG,68,1.2288644087103053,-0.5310846198779242,0.525114428972103,0.45
ARG,68,1.3144900571652982,-0.5194742714756094,0.2648889255309872,0.4
ARG,68,1.2966797688004472,-0.49357369311970556,0.37803486429732747,0.4
ARG,68,0.9964963678369193,-0.6713165205952781,0.7900841031461028,0.4
ARG,68,1.2812307944991388,-0.591255784991054,0.2770704241203372,0.4
ARG,68,1.2411342447259348,-0.6192596117003353,0.3794826634588702,0.4
THR,69,1.0387011377126394,-0.48965887632547156,0.8655852952370727,-0.4
THR,69,0.9899473018548669,-0.37825101190491095,0.9720258656659734,0.55
THR,69,0.9287980006309948,-0.3882907466930236,1.0268730895475575,-0.55
THR,69,1.0752671533133151,-0.4272591089271806,0.8539051322159485,-0.49
THR,69,0.9923867433904894,-0.5429482269917351,0.8878510834198804,0.4
THR,69,1.0515861884657527,-0.5050970787933945,0.840801523073641,0.49
PRO,70,1.0063764887533546,-0.35949683091285634,0.962222512430772,-0.56
PRO,70,0.9637828034450989,-0.3434852569256268,1.010467395831626,0.28
PRO,70,0.9219311327372376,-0.28260489684375,1.0668089007644588,0.55
PRO,70,0.9424406544629906,-0.2139351154091233,1.0648667293097105,-0.55
PRO,70,1.0652669975778049,-0.35174860844575623,0.8996571081854177,0.28
GLY,71,0.8594902552404582,-0.3052600273423121,1.1117538346388414,-0.4
GLY,71,0.7868188523406809,-0.22860570142982964,1.181761100584875,0.55
GLY,71,0.7682485546122331,-0.1527467878246784,1.205971122840826,-0.55
GLY,71,0.8488921403324573,-0.36057923472117903,1.103298926651419,0.4
SER,72,0.7888527123217312,-0.29268142966429317,1.1661701209398303,-0.4
SER,72,0.6717970236815465,-0.3314779699699838,1.2274831511583773,0.55
SER,72,0.6429317196706852,-0.389334852161893,1.2259530776966456,-0.55
SER,72,0.8122117599176027,-0.4296507863870583,1.1061717908123665,-0.49
SER,72,0.8054488381169563,-0.35087930589516175,1.1384373737062043,0.4
SER,72,0.8227681817382965,-0.4625333028420275,1.0849051732117456,0.49
ARG,73,0.6192870579299188,-0.3015604426587485,1.262318743932954,-0.4
ARG,73,0.50836471949861,-0.43033511919114487,1.2744727416231185,0.55
ARG,73,0.5852050875198888,-0.4438579067706249,1.236296459640059,-0.55
ARG,73,0.36788691618747993,-0.20295581782334277,1.3752715822302988,0.35
ARG,73,0.2795374083818547,-0.1548120788048585,1.40206841115253,-0.35
ARG,73,0.19809234983255078,-0.17213592504501288,1.4138714284641374,0.35
ARG,73,0.19529138250975597,-0.23323498689990071,1.4054773170648245,-0.7
ARG,73,0.11972843427217279,-0.12298875420744862,1.4277403966918283,-0.7
ARG,73,0.28053158157684194,-0.1013421746191593,1.4067464474317894,0.45
ARG,73,0.06260878696485239,-0.13655254859657653,1.4301528985556318,0.4
ARG,73,0.11856191593967141,-0.06893621761104869,1.4314659066742392,0.4
ARG,73,0.6520997213648717,-0.2409203207942153,1.2588197346740215,0.4
ARG,73,0.13876793543297894,-0.24301879890076164,1.4105279491938487,0.4
ARG,73,0.24922021488360846,-0.2656454571240308,1.3911238433666637,0.4
ASN,74,0.41536974468615884,-0.49189364538278285,1.2858508423654347,-0.4
ASN,74,0.2532486614885934,-0.572520937868936,1.29459980810149,0.55
ASN,74,0.17693071937613739,-0.6361544359421458,1.2774610859641393,-0.55
ASN,74,0.35159634474762513,-0.7817727759284016,1.1546060406726686,0.55
ASN,74,0.36723770166269015,-0.46949750439689986,1.3086681534381024,0.4
ASN,74,0.32064861125508654,-0.7938653348807468,1.155364042263463,-0.55
ASN,74,0.34630346841250137,-0.851130590766024,1.1061439315063188,-0.78
ASN,74,0.31949336879184126,-0.9149903430351662,1.0623654886294709,0.39
ASN,74,0.366677039605343,-0.83658790689999,1.1106630427971667,0.39
LEU,75,0.227904899393657,-0.4768713945552041,1.3373693588040094,-0.4
LEU,75,0.000847845326218425,-0.5284900162922676,1.3373860160096662,0.55
LEU,75,-0.11174905303739527,-0.5256037512195912,1.3338502981330569,-0.55
LEU,75,0.30600964749150145,-0.4221563732086174,1.3401663569057307,0.4
CYS,76,0.04533923444817465,-0.6105842359485639,1.3011667904658755,-0.4
CYS,76,-0.05093509032326976,-0.8118789799000742,1.185816980208447,0.55
CYS,76,-0.13023408448849794,-0.8875832057080425,1.1238945271523402,-0.55
CYS,76,-0.028276842530189965,-0.7543753174972824,1.223937119507331,0.29
CYS,76,-0.09563198210024593,-0.6011890713583622,1.302816179074912,-0.29
CYS,76,0.15245525360992526,-0.6012674010155422,1.297358346835312,0.4
ASN,77,0.037282353698066394,-0.8034251529584765,1.192066198529631,-0.4
ASN,77,0.0615668721511087,-0.9755606507039425,1.054701241599788,0.55
ASN,77,-0.0058701162463806154,-1.030141934564699,1.0033329000720839,-0.55
ASN,77,-0.03571015347212511,-0.8168012152714056,1.1829895737709009,0.55
ASN,77,0.0956543940532857,-0.7339141091243666,1.2329331244260537,0.4
ASN,77,0.02700389772413841,-0.8442055466111661,1.1638262570328752,-0.55
ASN,77,-0.0829534760637985,-0.7391339524640823,1.2307329089222656,-0.78
ASN,77,-0.06798512509437102,-0.7072278617911426,1.250244194648684,0.39
ASN,77,-0.1359261666456614,-0.7107850711478424,1.2426634427047727,0.39
ILE,78,0.1613932437540307,-0.9915198423769339,1.028953057735812,-0.4
ILE,78,0.33411510446984655,-1.0752415195024478,0.8944979282724338,0.55
ILE,78,0.4094202742967215,-1.0009783601266982,0.9477980446980088,-0.55
ILE,78,0.21791019385744853,-0.9289943478526898,1.0758198831827148,0.4
PRO,79,0.36907440259803276,-1.1350314608599197,0.8021168494587352,-0.56
PRO,79,0.4948642388376957,-1.1178118840206246,0.7573042645082325,0.28
PRO,79,0.5424347542064797,-1.126567529953746,0.7102914260100402,0.55
PRO,79,0.469410117561229,-1.1833469663590306,0.6687659311900821,-0.55
PRO,79,0.29889288802942166,-1.1945771822450078,0.7426655836414626,0.28
CYS,80,0.6589412853339922,-1.0632152182761947,0.7094177571000003,-0.4
CYS,80,0.7221998655745773,-1.1370471525975991,0.5034430443597966,0.55
CYS,80,0.7239048228302338,-1.1657801325862323,0.4299095973932888,-0.55
CYS,80,0.8589810226417304,-0.947861592458934,0.6569731929562164,0.29
CYS,80,0.8536713608261213,-0.8251710171157339,0.8113210044106889,-0.29
CYS,80,0.6952875912043556,-1.0178081488565032,0.7406385823186963,0.4
SER,81,0.7073726876846699,-1.167825254225906,0.4513444674419636,-0.4
SER,81,0.569439462200856,-1.2915899518044374,0.2746595479256398,0.55
SER,81,0.5561648864296048,-1.317802034906691,0.1482639129357975,-0.55
SER,81,0.5971582272220929,-1.2522806691031991,0.3782842177938658,-0.49
SER,81,0.7066456406299031,-1.1427859089674965,0.5124412911003482,0.4
SER,81,0.5782406320491896,-1.2373189773991433,0.4500925367030619,0.49
ALA,82,0.4697248083810958,-1.3066426716833215,0.3740953152715491,-0.4
ALA,82,0.31876110727555534,-1.3745754595851214,0.2771956608161801,0.55
ALA,82,0.2094058356471165,-1.4117603752209504,0.17602730167061909,-0.55
ALA,82,0.4899811833373764,-1.2685427635120872,0.46756974784188765,0.4
LEU,83,0.4368544803838093,-1.3309384381764835,0.32506123843583545,-0.4
LEU,83,0.5413348968344075,-1.3315967617691291,0.04135656532831641,0.55
LEU,83,0.5660986174510682,-1.31963250650321,-0.07749951664719676,-0.55
LEU,83,0.5128848419640358,-1.2817026003815049,0.40260570666511936,0.4
LEU,84,0.5684614470927996,-1.3207191909642833,-0.02135822483995897,-0.4
LEU,84,0.4898515870213431,-1.318284594979521,-0.3001248428785219,0.55
LEU,84,0.5067583464535511,-1.2752967849654695,-0.4297881577439111,-0.55
LEU,84,0.5410666832871158,-1.3306894660206279,0.06645420407259144,0.4
SER,85,0.3575217838614869,-1.3740749497827731,-0.22803503771235378,-0.4
SER,85,0.1583525551829201,-1.3582460417134308,-0.4449673363487964,0.55
SER,85,0.14168411952342239,-1.3449584868554598,-0.4887903956614222,-0.55
SER,85,0.007657697725092379,-1.416044720788359,-0.25032474982205494,-0.49
SER,85,0.35238915057867576,-1.3900764763736315,-0.10683186962518583,0.4
SER,85,-0.06702185865722403,-1.424732978316894,-0.18316053870555546,0.49
SER,86,0.10967995465084474,-1.3365392814452406,-0.5191693641598407,-0.4
SER,86,-0.12805275122191653,-1.2922896098756624,-0.6176518672297617,0.55
SER,86,-0.21083889752671878,-1.2343432102456675,-0.7069989891015707,-0.55
SER,86,-0.010343158476304718,-1.3043116908782653,-0.6054484322314492,-0.49
SER,86,0.13355431934567663,-1.350369759238995,-0.4759921523485836,0.4
SER,86,-0.07239790868813137,-1.3267997382171675,-0.5497861124700645,0.49
ASP,87,-0.17277911113671823,-1.3421417221173857,-0.48652517764971753,-0.4
ASP,87,-0.3332656177072679,-1.3511620735466516,-0.36221381950970777,0.55
ASP,87,-0.23941734394143635,-1.3961346290558552,-0.24777248626835688,-0.55
ASP,87,-0.48746081042974004,-1.3288115249296066,-0.2540583820501498,0.1
ASP,87,-0.5701040369452128,-1.2986667104182243,-0.23738141100512572,-0.55
ASP,87,-0.5157374207487696,-1.3227968990727514,-0.22831348760733453,-0.55
ASP,87,-0.09214911226636192,-1.3707661844077972,-0.42474978607777436,0.4
ILE,88,-0.44926241276046597,-1.2987037274744713,-0.42359849469168853,-0.4
ILE,88,-0.6004365143811055,-1.297505975808476,-0.1544603732990058,0.55
ILE,88,-0.6489895250943726,-1.2825010225666904,-0.04367488309863702,-0.55
ILE,88,-0.5138377978930273,-1.244076983672934,-0.5061096206675029,0.4
THR,89,-0.6374458174893325,-1.285640294936157,-0.0932503822101188,-0.4
THR,89,-0.6511045462357016,-1.2562427319601235,0.25655572542641003,0.55
THR,89,-0.7412118869619772,-1.1738170315441276,0.3750497127897888,-0.55
THR,89,-0.7600915485712303,-1.2201163963658122,-0.038478423699506624,-0.49
THR,89,-0.5958136980130161,-1.296899744175687,-0.17595699132912299,0.4
THR,89,-0.6946659782563194,-1.2531692177058298,-0.12210594755479764,0.49
ALA,90,-0.48068485190210747,-1.3247026703984193,0.28637157710158945,-0.4
ALA,90,-0.3746755637540805,-1.2807400006547747,0.5359356720996231,0.55
ALA,90,-0.39341726728927595,-1.1833411124204138,0.7161218034906918,-0.55
ALA,90,-0.42098648350948953,-1.3631996927545436,0.17989094017414403,0.4
SER,91,-0.3318859688426627,-1.3453824386042414,0.3843196190167468,-0.4
SER,91,-0.6146656150989006,-1.183822039547266,0.537266537463247,0.55
SER,91,-0.6331287871400851,-1.0301920424144406,0.7783033255877774,-0.55
SER,91,0.13538239996610305,-1.4272094793003942,0.1124654611648422,-0.49
SER,91,-0.3050131613229573,-1.3868523900710004,0.22696077095973052,0.4
SER,91,0.13276758003456135,-1.4317281875776775,-0.020759059897064214,0.49
VAL,92,-0.8068227311293691,-1.1336364957405853,0.36305529611679915,-0.4
VAL,92,-1.001250089466265,-0.8198926000617114,0.6270391970908581,0.55
VAL,92,-1.0614191521389458,-0.6258821910706946,0.7413262698391941,-0.55
VAL,92,-0.7400700475250678,-1.21325988875063,0.21954621173128272,0.4
ASN,93,-0.8943140456160935,-0.9160911037662743,0.6548917844915836,-0.4
ASN,93,-0.7558335651963614,-0.7472140536606522,0.968653989675921,0.55
ASN,93,-0.7772727940927979,-0.6062370151713241,1.0470088141844096,-0.55
ASN,93,-0.863230723728572,-0.9602788480830987,0.6329305044914082,0.55
ASN,93,-0.8365676984883819,-1.0325922358571769,0.5493737637290614,0.4
ASN,93,-0.9784679657441632,-0.8913856491807866,0.5620816990683222,-0.55
ASN,93,-0.7933753786795147,-1.0405315773803478,0.5964505989266902,-0.78
ASN,93,-0.8317939403184365,-1.0506356427825925,0.5217157836838396,0.39
ASN,93,-0.7000884456304965,-1.0773899597873136,0.6457637453625524,0.39
CYS,94,-0.6031216245022821,-0.8276696304126464,1.0095103074911256,-0.4
CYS,94,-0.5140554516190391,-0.5137298916885394,1.2408595259040938,0.55
CYS,94,-0.4678658978494564,-0.3346189454207153,1.3179664013075432,-0.55
CYS,94,-0.214604700005276,-0.8344321309861858,1.1513347095844908,0.29
CYS,94,0.009873218447768053,-0.6770687264861264,1.2686150839212194,-0.29
CYS,94,-0.5789457606898445,-0.9584280346904583,0.9022977781636992,0.4
ALA,95,-0.6435601022274536,-0.521944453096477,1.1752906681682256,-0.4
ALA,95,-0.8619688953018959,-0.05794702898262525,1.1495892907228307,0.55
ALA,95,-0.811977300585766,0.17293845257473606,1.174175850090187,-0.55
ALA,95,-0.6717041252001485,-0.7155341995152646,1.051060488028,0.4
LYS,96,-0.9623682451969018,-0.18869174648747977,1.0517350224389437,-0.4
LYS,96,-0.8782083717230941,-0.019886372750445573,1.1385334250670058,0.55
LYS,96,-0.88216226380384,0.11570565057686884,1.1297370113108505,-0.55
LYS,96,-1.2990417018813771,-0.3778410216207987,0.48747368250418605,0.33
LYS,96,-1.285665009434741,-0.4818683465501045,0.42751859852963153,-0.32
LYS,96,-1.276076375358241,-0.4516772378793307,0.48530457345339045,0.33
LYS,96,-1.3220885642924862,-0.46686854912805303,0.319404693112992,0.33
LYS,96,-1.2374465038825535,-0.5893715328693172,0.4350530062562751,0.33
LYS,96,-0.9674630370420312,-0.3691266396206479,0.9978299293267783,0.4
LYS,97,-0.7500582218614908,-0.13472071704779706,1.2194944707527835,-0.4
LYS,97,-0.5323466164600703,0.07991864793321844,1.3334631084647772,0.55
LYS,97,-0.5066483189345878,0.18032555175845455,1.333676853021102,-0.55
LYS,97,-0.5296928525750546,-0.5497688750932757,1.218639995195497,0.33
LYS,97,-0.5714413493079425,-0.6617083896359085,1.1417094916689956,-0.32
LYS,97,-0.5254486643146512,-0.7360110740115574,1.1180765501891219,0.33
LYS,97,-0.6665642346282815,-0.6487741503251344,1.096671324948737,0.33
LYS,97,-0.5450890476619877,-0.6694685439443987,1.1500406822232068,0.33
LYS,97,-0.7395584046572781,-0.26503378677202527,1.204455989212793,0.4
ILE,98,-0.46100966616636496,0.1012216790369923,1.3583548989033072,-0.4
ILE,98,-0.4258019761043227,0.46238831604132574,1.293365182117806,0.55
ILE,98,-0.3617715355267597,0.546570293264561,1.2799554846102292,-0.55
ILE,98,-0.49427803959478633,-0.01958931808331486,1.3502626596969458,0.4
VAL,99,-0.5898004428188457,0.4971631871832233,1.213617721912884,-0.4
VAL,99,-0.6973962965500353,0.6168262850913825,1.0959322568293919,0.55
VAL,99,-0.7056602726447977,0.7144732178948551,1.0293082009302883,-0.55
VAL,99,-0.6576686333627771,0.38614719498450417,1.2191251307707676,0.4
SER,100,-0.7042248473531625,0.47725475497060244,1.1593959786064774,-0.4
SER,100,-0.5985753700276427,0.4761031809872708,1.2177590317589837,0.55
SER,100,-0.6019571613341127,0.47888007719421904,1.2150000903561864,-0.55
SER,100,-0.903959450423657,0.2789885064216206,1.083017311613669,-0.49
SER,100,-0.6872606913661842,0.38378460071225656,1.203447503773851,0.4
SER,100,-0.9121637003301288,0.22814017489818292,1.0880318085322593,0.49
ASP,101,-0.4854647439838747,0.48781221455330726,1.262642862278077,-0.4
ASP,101,-0.3314806488621772,0.5995666743001904,1.264335459630483,0.55
ASP,101,-0.2524160811127946,0.593861904751768,1.2851139762918955,-0.55
ASP,101,-0.1139673667386874,0.44206521507789626,1.3636324860156743,0.1
ASP,101,-0.13386302749435736,0.3505591863220237,1.3881976511778829,-0.55
ASP,101,-0.0023043863719455137,0.5031529553595848,1.3471212140326756,-0.55
ASP,101,-0.49315563456517697,0.48983721188743223,1.2588728283379025,0.4
GLY,102,-0.3966473744657741,0.6872253107593491,1.199289791735771,-0.4
GLY,102,-0.3268359215347863,0.8749000473847356,1.0934495687781853,0.55
GLY,102,-0.35180052360892267,0.9308417308680796,1.0381107049074825,-0.55
GLY,102,-0.4661996092036339,0.6859976636818279,1.1747207760919007,0.4
ASN,103,-0.2537571184123991,0.9003263947320742,1.0922103642541972,-0.4
ASN,103,-0.2756360997375607,1.0570129307905018,0.9352284088091231,0.55
ASN,103,-0.2335162900478058,1.140621340805621,0.8440123643416619,-0.55
ASN,103,0.007498234910898607,0.9563566526776115,1.0738852365746543,0.55
ASN,103,-0.23139096922262414,0.8363853396595309,1.1466566857369869,0.4
ASN,103,-0.004463170223695591,0.9843929263492452,1.048262571422651,-0.55
ASN,103,0.06545571316798304,0.8712760637169572,1.1421459374300906,-0.78
ASN,103,0.09892706357260769,0.8357172689158421,1.1660591127851336,0.39
ASN,103,0.07461653552226888,0.838509315981551,1.1658637448772953,0.39
GLY,104,-0.39255517939075174,0.9980218697750414,0.9579961119778776,-0.4
GLY,104,-0.414230563562945,1.0912367036909976,0.839951944285169,0.55
GLY,104,-0.3041242616448049,1.0520083589696123,0.9320357386482404,-0.55
GLY,104,-0.410662147078012,0.9195644884044896,1.0264801627908704,0.4
MET,105,-0.44738280588834883,1.177555461185304,0.6936249222805065,-0.4
MET,105,-0.15136632721276175,1.30011383278797,0.5955636227641828,0.55
MET,105,-0.025147565807291154,1.3420812484451765,0.5158384383567298,-0.55
MET,105,-0.6766504436296799,1.199816106037642,0.4129034521639801,0.265
MET,105,-0.778801572204852,1.201663118024076,0.13182425380942797,-0.53
MET,105,-0.6532224722266071,1.280820170521602,0.02653044559894624,0.265
MET,105,-0.5192288966549216,1.1840827409909205,0.6294864473095875,0.4
ASN,106,-0.11191364359998643,1.280015093753057,0.6457092752323084,-0.4
ASN,106,0.19227064874322533,1.2337216969586555,0.7133488235539611,0.55
ASN,106,0.3332032107964449,1.2264255887031206,0.6728741841307704,-0.55
ASN,106,-0.05649797238826222,1.3206863398048712,0.5661266138853859,0.55
ASN,106,-0.20818364988230095,1.245552574289921,0.6878678103981459,0.4
ASN,106,-0.024634685015492354,1.3644293526522862,0.4534638308570555,-0.55
ASN,106,-0.16424195280708623,1.2919851840355434,0.6096742057453829,-0.78
ASN,106,-0.21699447039961525,1.308330879518827,0.5559563665378676,0.39
ASN,106,-0.18705117604740543,1.245647791708029,0.6937414565475368,0.39
ALA,107,0.14686995071667344,1.1629563153586497,0.8329859531375186,-0.4
ALA,107,0.4444079619247524,1.0887882317517608,0.8276143556979103,0.55
ALA,107,0.6106820542103818,0.9911487323994613,0.8441536536133895,-0.55
ALA,107,0.0035565538290067483,1.1612345462954727,0.8481895138442316,0.4
TRP,108,0.3874035494560121,1.203645746177026,0.6848789524867428,-0.4
TRP,108,0.5766136833682167,1.2684713049413343,0.3555291558697699,0.55
TRP,108,0.44554598810061496,1.342511749684772,0.2589493124653628,-0.55
TRP,108,0.4359230925349535,1.3152631537329884,0.3846526560516919,0.125
TRP,108,0.43638912376452627,1.2454396650189186,0.5712690657108068,-0.125
TRP,108,0.7284424243566431,1.0929581709385163,0.585421081749414,-0.125
TRP,108,0.6419408036307054,0.9229037891424376,0.8966963658903725,-0.4
TRP,108,-0.15499996999507093,1.1807903837021918,0.8059856394740935,-0.125
TRP,108,-0.1547299402131461,0.7217049614901261,1.2341411451461606,-0.125
TRP,108,-0.3912561609758457,0.9994964813232241,0.9569896406447891,-0.125
TRP,108,-0.42294213541090375,0.7705567170551193,1.1380975651831466,-0.125
TRP,108,-0.5817167707356127,0.5880663335186789,1.1763024092499914,0.125
TRP,108,0.8475859515198628,0.6323003160097916,0.9745245697983153,0.4
TRP,108,-0.1562875719628305,1.2490945862683884,0.6951551491469169,0.125
TRP,108,-0.5105325989316524,0.9782462068923624,0.9221141990606712,0.125
TRP,108,-0.13311545184130075,0.41558884684541286,1.3702079983853879,0.125
TRP,108,0.9321414786702934,1.014210414343323,0.4127871983969571,0.125
TRP,108,0.22174931737591794,1.25158561087328,0.6725061121497544,0.4
VAL,109,0.7330481412655641,1.1883329045465132,0.3441062372867633,-0.4
VAL,109,0.7136532796190695,1.2474290509938186,0.05023476093416431,0.55
VAL,109,0.6338429231518004,1.2907772049292936,0.006413110462680862,-0.55
VAL,109,0.8256118813680364,1.0996214304228158,0.4208342940865411,0.4
ALA,110,0.7665841050287442,1.2146622398170004,-0.06962919689707922,-0.4
ALA,110,0.5221682959670935,1.3066011303997727,-0.29671118736131863,0.55
ALA,110,0.45428521519180176,1.307873129575885,-0.3885827996348072,-0.55
ALA,110,0.8441367979961334,1.164093993955496,-0.014900049868449651,0.4
TRP,111,0.4230921112709124,1.359473729731063,-0.20181183199193176,-0.4
TRP,111,0.18895995206271243,1.4186829507635719,-0.13977336552336242,0.55
TRP,111,0.1101092139696338,1.417528723513447,-0.2153881403277138,-0.55
TRP,111,0.07080512160964612,1.4333845972088535,-0.09109886507943643,0.125
TRP,111,-0.14143833635884526,1.4277238384223714,-0.09748646156794072,-0.125
TRP,111,-0.28102362969328337,1.3885548810892276,-0.24666745577355334,-0.125
TRP,111,-0.40412237583759747,1.3664925756675785,-0.1930982081047546,-0.4
TRP,111,-0.13496953114107754,1.4192655397045044,0.18807531855973386,-0.125
TRP,111,-0.42272849038810895,1.373763451025413,0.04447893907731481,-0.125
TRP,111,-0.21982044319839078,1.3997696337776453,0.24541335963342592,-0.125
TRP,111,-0.35336751984086484,1.3829681270078722,0.1744543710612009,-0.125
TRP,111,-0.39089463496317184,1.367120750322141,0.21467652497686052,0.125
TRP,111,-0.4961468339772481,1.323750707356394,-0.2634884359669409,0.4
TRP,111,-0.020086027291224537,1.4171222096258786,0.24344396988471229,0.125
TRP,111,-0.17584949263926317,1.388501433786701,0.33021886119859123,0.125
TRP,111,-0.5071024954433775,1.3456398859128802,-0.0020318799116260215,0.125
TRP,111,-0.2789853848253465,1.3581145342298642,-0.3815702280681206,0.125
TRP,111,0.5002481699598923,1.3441788709551015,-0.10410909331154743,0.4
ARG,112,0.2612648049536327,1.414067560675027,0.007576775014715702,-0.4
ARG,112,0.2979154807219481,1.4059724354251044,-0.0489044900956554,0.55
ARG,112,0.2316916427898713,1.4172309144877053,-0.0753610619761826,-0.55
ARG,112,0.3508700278798445,1.3466605596649701,0.3623524976579187,0.35
ARG,112,0.40328596332585803,1.3054540654457252,0.4483903285933676,-0.35
ARG,112,0.5277627264261432,1.2534381915370683,0.46718623328607745,0.35
ARG,112,0.5966727878015342,1.2445485531601936,0.40371308512917853,-0.7
ARG,112,0.5765805274168865,1.1964880447756798,0.5512486064318358,-0.7
ARG,112,0.3380450561632689,1.305388996240109,0.4995887113209407,0.45
ARG,112,0.6686971547350792,1.143644424322863,0.559307891902968,0.4
ARG,112,0.5144429310751201,1.196415524332591,0.6097885992565911,0.4
ARG,112,0.33301292883086364,1.3968951327662722,0.0754330780619105,0.4
ARG,112,0.6799933250962753,1.1978561044492644,0.4131024120465159,0.4
ARG,112,0.561515827614967,1.276421354337858,0.35121542322154964,0.4
ASN,113,0.41756056963320193,1.3718175620248767,-0.10799777399661724,-0.4
ASN,113,0.41660380500207006,1.3368583261187121,-0.3273451657278257,0.55
ASN,113,0.4104785061841195,1.3283923532746578,-0.3671306629835975,-0.55
ASN,113,0.6360950888233419,1.2887096091826478,-0.050143326132576674,0.55
ASN,113,0.47352211700564134,1.3551728828203182,-0.08477637852296299,0.4
ASN,113,0.5723923397659194,1.3191776187012103,0.006418074135315585,-0.55
ASN,113,0.7367488332254594,1.2349304485154862,-0.007191387263236076,-0.78
ASN,113,0.7579940582406186,1.2197841422313929,0.07399612160950178,0.39
ASN,113,0.7908859549609718,1.1995154692943792,-0.05971446348634281,0.39
ARG,114,0.373457990058862,1.330766112232169,-0.39685571203672787,-0.4
ARG,114,0.18384694945001975,1.3030167499040348,-0.5798719001882682,0.55
ARG,114,0.13958901997889397,1.2639416072050458,-0.6714687565760321,-0.55
ARG,114,0.6657329284156643,1.1086864393452944,-0.6289020744245182,0.35
ARG,114,0.6438886229181633,1.0524767057952538,-0.7386501181313297,-0.35
ARG,114,0.7128799104678225,0.9596006850211085,-0.7992950209646711,0.35
ARG,114,0.8124969517284718,0.9049843936325449,-0.7673041917609867,-0.7
ARG,114,0.6807384966682994,0.9136093914489634,-0.8773920167123382,-0.7
ARG,114,0.5721322062737166,1.0793005839467276,-0.7587349735033492,0.45
ARG,114,0.7243079052423994,0.8436041662313254,-0.9119286381625611,0.4
ARG,114,0.6113037150541354,0.9468954166767015,-0.8930848838818025,0.4
ARG,114,0.3696039561429045,1.3464875992695897,-0.3439009051997916,0.4
ARG,114,0.8580261652651205,0.8250331959442482,-0.8068550658519515,0.4
ARG,114,0.8409071379436851,0.9362331530672361,-0.6958781793055784,0.4
CYS,115,0.10272039724396531,1.3426889176258474,-0.5045183469957036,-0.4
CYS,115,-0.14316549052275346,1.3630577792023246,-0.43529404413558387,0.55
CYS,115,-0.23255763876397795,1.3387327309879204,-0.4707604397298612,-0.55
CYS,115,-0.11311843890061371,1.3262628289094396,-0.5441827812549047,0.29
CYS,115,0.006424783912001285,1.2586927063608608,-0.6953813091291428,-0.29
CYS,115,0.15461861529027315,1.3689651307234867,-0.4122272754797417,0.4
LYS,116,-0.11020784067689883,1.400833826176533,-0.30565110055986344,-0.4
LYS,116,-0.18205146289991797,1.403302586486226,-0.2559353191678959,0.55
LYS,116,-0.09237617380732584,1.4056737693718202,-0.2888800245659818,-0.55
LYS,116,-0.16902241687915545,1.4089688215455098,0.23268445260801268,0.33
LYS,116,-0.10322696572461983,1.3928779464726373,0.3422557402848951,-0.32
LYS,116,-0.07788347469334148,1.384616702341813,0.3803610442017953,0.33
LYS,116,-0.03576310040879909,1.4004496017723267,0.3246008094958899,0.33
LYS,116,-0.1523915616552519,1.3752771191460333,0.39152704819739603,0.33
LYS,116,-0.022386207720869647,1.410239860149827,-0.2804035779532417,0.4
GLY,117,-0.28560085167236615,1.3861603136083218,-0.2547459724545276,-0.4
GLY,117,-0.2831833259566268,1.3519743186787885,-0.3998454920512092,0.55
GLY,117,-0.2735019587613432,1.3478324060037121,-0.42005744352464214,-0.55
GLY,117,-0.35704839401882593,1.3746518994394534,-0.22528287035765662,0.4
THR,118,-0.2791821662185545,1.329204198358728,-0.47241643611495177,-0.4
THR,118,-0.3762354243672771,1.243929715243354,-0.6156212642252282,0.55
THR,118,-0.4549374485203817,1.2424236258713384,-0.5633109476931781,-0.55
THR,118,-0.2272465655697129,1.2521838273257895,-0.6695509189008804,-0.49
THR,118,-0.28317172995401907,1.3374581233297318,-0.4460081968693684,0.4
THR,118,-0.23321130799271353,1.2858332380493707,-0.6001242719073302,0.49
ASP,119,-0.37954107016804006,1.1987339479518975,-0.6977745123346525,-0.4
ASP,119,-0.49377224482809373,1.101317450869696,-0.7817880880569905,0.55
ASP,119,-0.46600509649920263,1.04984357105346,-0.8652002648722394,-0.55
ASP,119,-0.5401611632718433,1.0490738883158683,-0.8219328844419956,0.1
ASP,119,-0.6166869605813426,1.0406153479669877,-0.7776378734378852,-0.55
ASP,119,-0.5244618859616691,1.005468498733739,-0.8842378640434683,-0.55
ASP,119,-0.3125235163321653,1.200423748483235,-0.7274720941708641,0.4
VAL,120,-0.5466413158276628,1.113722918991856,-0.7271233069589823,-0.4
VAL,120,-0.6622123879251005,0.9701996768806143,-0.8295125750944305,0.55
VAL,120,-0.6725542908546208,0.9022925874705967,-0.8952332569946,-0.55
VAL,120,-0.5652604372495441,1.1511777898036448,-0.6505183366545129,0.4
GLN,121,-0.7124366951495191,0.9551843491737895,-0.8049599906072231,-0.4
GLN,121,-0.718566026231489,0.8140877248586672,-0.9427766512599002,0.55
GLN,121,-0.7530909782057611,0.7279174207069428,-0.9853395248121057,-0.55
GLN,121,-0.84726092038263,0.7485389638091259,-0.888674363550814,0.55
GLN,121,-0.6948018832006624,1.0071035157456405,-0.7555770137147428,0.4
GLN,121,-0.9315937150149451,0.6332680324082257,-0.8938727656970946,0.39
GLN,121,-0.788942087403535,0.7841182766707144,-0.9113905216178229,-0.55
GLN,121,-0.8829411286337077,0.6644647385610523,-0.9202202706724799,-0.78
GLN,121,-0.8608608108669883,0.631479423267596,-0.9633567222392548,0.39
ALA,122,-0.625008902058522,0.8584539836049976,-0.9697032547954125,-0.4
ALA,122,-0.544800175334227,0.7384598117673785,-1.1071466241382795,0.55
ALA,122,-0.5207281554645002,0.66555135879503,-1.1635236778394902,-0.55
ALA,122,-0.6010337016828674,0.9247487506064337,-0.9227686653076898,0.4
TRP,123,-0.5572403518109621,0.7553071150019242,-1.0894485413830115,-0.4
TRP,123,-0.6325032404979881,0.5614644610406822,-1.1630137925787232,0.55
TRP,123,-0.6111841171706492,0.4620034922568567,-1.2169266699523467,-0.55
TRP,123,-0.5287975384461574,0.7269799868688204,-1.122397894690648,0.125
TRP,123,-0.39606752263469425,0.8145641751604621,-1.1169241218810153,-0.125
TRP,123,-0.3716980462845537,0.9288721998757792,-1.0329282504930735,-0.125
TRP,123,-0.2338385467315988,0.9638857908075962,-1.0412240336844774,-0.4
TRP,123,-0.21014005735407876,0.6600518668879803,-1.260189057758169,-0.125
TRP,123,-0.025711598008935112,0.8584347586986131,-1.1534003861480133,-0.125
TRP,123,-0.06899363364163312,0.6481617377420342,-1.28180732258193,-0.125
TRP,123,0.018091955242893178,0.7476565924838899,-1.2282451192051904,-0.125
TRP,123,0.11004246290263762,0.7281058700740556,-1.2351745910204475,0.125
TRP,123,-0.1915856058368971,1.030621389588435,-0.9843872606547776,0.4
TRP,123,-0.27419416883620357,0.5790180887830148,-1.2874235443779927,0.125
TRP,123,-0.03349981200564713,0.5622315347094362,-1.3231316019029864,0.125
TRP,123,0.03370901153777461,0.9171082111815848,-1.1071043327098693,0.125
TRP,123,-0.4414096356093439,0.9692858055735734,-0.9662020144283082,0.125
TRP,123,-0.5770730470326461,0.8232636098126126,-1.0281670579858455,0.4
ILE,124,-0.7229719980056157,0.5674937449877797,-1.1059684043769145,-0.4
ILE,124,-0.7935333928880774,0.4490688096057014,-1.1120007781433243,0.55
ILE,124,-0.8398064750136592,0.3745041002803299,-1.105610933094847,-0.55
ILE,124,-0.725628478156581,0.6440401015676785,-1.0614044616645268,0.4
ARG,125,-0.7326009922423097,0.5159608495150355,-1.1247150572095188,-0.4
ARG,125,-0.7073256511864484,0.4142756507428639,-1.1815116928561258,0.55
ARG,125,-0.6503730204216108,0.37912741852127807,-1.2252269613478015,-0.55
ARG,125,-0.5351387486194606,0.5336800056499582,-1.2234034262155569,0.35
ARG,125,-0.44120788691860596,0.5493169573413792,-1.2535909432021806,-0.35
ARG,125,-0.3803717330916857,0.5454673920435359,-1.2750240942282447,0.35
ARG,125,-0.3977079608936151,0.5670173728165311,-1.2602473760125776,-0.7
ARG,125,-0.29952359207437096,0.5215588286925124,-1.3062028089023028,-0.7
ARG,125,-0.41855095357789274,0.5619805615842612,-1.2557454836235646,0.45
ARG,125,-0.2463662890459937,0.5167306447796219,-1.3191652149552184,0.4
ARG,125,-0.2903572899591252,0.5076633053657637,-1.3137253839875382,0.4
ARG,125,-0.6880348061949456,0.572465394324956,-1.125519990824313,0.4
ARG,125,-0.3433528758861124,0.5647961306272388,-1.27711311379601,0.4
ARG,125,-0.4630712380595342,0.5851731693308987,-1.2292441426981653,0.4
GLY,126,-0.7501532929062469,0.37487012261108643,-1.1681807224466463,-0.4
GLY,126,-0.7651929648454662,0.2084168225856644,-1.199560722345812,0.55
GLY,126,-0.7567882836215316,0.14187336731013442,-1.2145152174434724,-0.55
GLY,126,-0.7929813415770642,0.4061901896184463,-1.1287576771605479,0.4
CYS,127,-0.8040356842122314,0.20561517761113185,-1.1743733602350732,-0.4
CYS,127,-0.9109472645726739,0.08047395013140991,-1.1097760118592919,0.55
CYS,127,-0.9527246295537635,0.1375595657809585,-1.0683149901055886,-0.55
CYS,127,-0.8486956640521438,0.10916369402214214,-1.1557260617062488,0.29
CYS,127,-0.7489389174616206,0.16353516628013967,-1.2166554644933987,-0.29
CYS,127,-0.8084951324135459,0.2712895041894189,-1.157860698771993,0.4
ARG,128,-0.9187288745042164,-0.010426595312681647,-1.1062243503209042,-0.4
ARG,128,-1.0232695046308904,-0.08625462300519175,-1.0066694754899392,0.55
ARG,128,-1.00463931069794,-0.16483179546795096,-1.0155954443496116,-0.55
ARG,128,-0.9673693241154511,-0.18658413710504518,-1.0475145452554278,0.35
ARG,128,-0.9120496426509775,-0.23749582349277362,-1.086123821276478,-0.35
ARG,128,-0.8600156399182469,-0.23407610696468475,-1.1284880359245157,0.35
ARG,128,-0.8589136694843734,-0.18543092348586138,-1.1383261628235446,-0.7
ARG,128,-0.8068960876523691,-0.2805168658520558,-1.1567768858705405,-0.7
ARG,128,-0.9115314165517721,-0.2790073498582881,-1.0766471786730694,0.45
ARG,128,-0.7686947612254744,-0.27737074764096425,-1.1832487500091047,0.4
ARG,128,-0.8042178164018143,-0.3198266244918048,-1.1484112530050292,0.4
ARG,128,-0.873752122194723,-0.052954059936749745,-1.1409017786281772,0.4
ARG,128,-0.8216541202998648,-0.18517025149898436,-1.1655471918951046,0.4
ARG,128,-0.893665936458995,-0.1511162533144092,-1.1164357769158009,0.4
LEU,129,-1.0780917388392057,-0.03498776482372775,-0.9509983338259861,-0.4
LEU,129,-1.1791474606571901,-0.11434582779727252,-0.8151319339049122,0.1
LEU,129,-1.1754021515584812,-0.20436366530817213,-0.8028505753837437,-0.55
LEU,129,-1.2163535805437937,-0.06130168501814813,-0.7646109092164026,-0.55
LEU,129,-1.0814242459493284,0.026346441224141436,-0.9474868005878786,0.4
