1,-2.55250000000,1.42120000000,-0.445000000000,0.992600000000
2,-2.53110000000,1.86770000000,-0.718400000000,0.999700000000
3,-1.81560000000,2.49350000000,-1.53560000000,-0.999300000000
4,-1.69930000000,2.66850000000,-1.30320000000,0.999700000000
5,-0.722000000000E-01,2.31940000000,-0.937500000000,-0.900000000000E-03
6,-1.35410000000,0.141200000000,-0.232200000000,-0.999300000000
7,-0.642400000000,0.367900000000,-0.383000000000E-01,-0.999300000000
8,-0.210000000000,0.654700000000,-0.123100000000,1.00000000000
9,0.443000000000E-01,0.837600000000,-0.390400000000,-0.900000000000E-03
10,0.581000000000E-01,1.61430000000,-1.52340000000,-0.998200000000
11,-0.460500000000,2.14450000000,-1.83780000000,-0.998200000000
12,-0.785900000000,1.89240000000,-2.12680000000,0.999700000000
13,-1.72880000000,1.86530000000,-2.07840000000,-0.998200000000
14,-1.74680000000,1.57160000000,-2.13870000000,-0.999300000000
15,-0.897900000000,1.62870000000,-2.22160000000,-0.998200000000
16,-0.500900000000,0.232800000000,-1.23970000000,0.999700000000
17,-0.298200000000,0.463400000000,-1.42150000000,-0.998200000000
18,0.151000000000E-01,0.840700000000,-1.35990000000,-0.998200000000
19,-0.329400000000,0.517200000000,-1.54140000000,0.999700000000
20,-0.599000000000,1.49530000000,-2.13960000000,0.999700000000
21,-1.74690000000,1.21310000000,-2.13020000000,-0.998200000000
22,-1.92920000000,1.73240000000,-2.01200000000,0.999700000000
23,-2.43010000000,1.44490000000,-1.52540000000,0.999700000000
24,-2.14090000000,0.696300000000,-1.60250000000,0.999700000000
25,-1.50220000000,0.466400000000,-1.84670000000,-0.999300000000
26,-1.67870000000,0.959000000000E-01,-1.00580000000,-0.998200000000
27,-2.40750000000,0.748200000000,-1.11100000000,0.999700000000
28,-2.04620000000,2.44140000000,-0.336300000000,-0.999300000000
29,-1.42180000000,2.78840000000,-0.496000000000,-0.999300000000
30,-1.95990000000,2.56760000000,-1.18280000000,-0.900000000000E-03
31,-1.35020000000,2.83460000000,-0.704500000000,0.999700000000
32,-1.33790000000,2.80830000000,-0.528400000000,0.999700000000
33,-1.78830000000,2.57530000000,-0.253300000000,-0.900000000000E-03
34,-2.37970000000,0.650000000000,-0.809500000000,-0.998200000000
35,-1.95160000000,0.245300000000,-0.600300000000,-0.998200000000
36,-2.03240000000,0.418400000000,-0.287000000000,-0.998200000000
37,-0.987000000000,2.76490000000,-1.28580000000,1.00000000000
38,-0.460500000000,2.54270000000,-0.318300000000,-0.998200000000
39,-0.991900000000,2.59320000000,-0.400000000000E-01,-0.999300000000
40,-0.836600000000,2.18560000000,0.320800000000,-0.999300000000
41,-1.25500000000,2.43340000000,0.169500000000,-0.998200000000
42,-1.43470000000,2.19980000000,0.333900000000,-0.998200000000
43,-1.76880000000,2.49990000000,-0.107500000000,0.999700000000
44,-1.34720000000,1.63660000000,0.565100000000,-0.999300000000
45,-1.64840000000,1.99130000000,0.386400000000,0.999700000000
46,-1.82910000000,1.52920000000,0.430300000000,0.999700000000
47,-1.56960000000,0.489000000000,0.170400000000,0.909000000000E-01
48,-1.01560000000,1.51730000000,0.578600000000,1.00000000000
49,0.648000000000E-01,2.01250000000,-0.457400000000,-0.998200000000
50,0.230000000000,1.60330000000,-0.693200000000,-0.998200000000
