1,0.890900000000,3.74410000000,1.92670000000,1.00000000000
2,0.765500000000,3.67690000000,1.68720000000,-0.999300000000
3,0.648100000000,3.75620000000,1.90710000000,-0.999300000000
4,0.546700000000,3.77470000000,2.00660000000,0.999700000000
5,0.460900000000,3.77910000000,2.08470000000,0.909000000000E-01
6,0.771400000000,3.80040000000,2.41680000000,0.999700000000
7,0.501500000000,3.79510000000,2.18650000000,-0.998200000000
8,0.629200000000,3.72660000000,2.80500000000,1.00000000000
9,0.701100000000,3.76330000000,2.67680000000,0.999700000000
10,0.710400000000,3.67630000000,2.93470000000,-0.999300000000
11,1.32590000000,3.56740000000,2.81470000000,-0.999300000000
12,1.37700000000,3.53880000000,2.81970000000,0.999700000000
13,1.69760000000,3.39020000000,2.56510000000,1.00000000000
14,1.47690000000,3.38080000000,3.01140000000,-0.999300000000
15,1.29550000000,3.35280000000,3.21370000000,-0.999300000000
16,1.40840000000,3.49310000000,2.88470000000,-0.998200000000
17,1.35420000000,3.34390000000,3.18110000000,0.909000000000E-01
18,1.73420000000,3.16610000000,2.98230000000,-0.999300000000
19,1.66430000000,3.00760000000,3.24000000000,1.00000000000
20,1.52040000000,3.43250000000,2.85710000000,-0.998200000000
21,1.68150000000,3.36230000000,2.71110000000,1.00000000000
22,2.12690000000,2.78750000000,2.44980000000,-0.998200000000
23,1.42470000000,3.34130000000,3.12400000000,1.00000000000
24,2.05010000000,1.90550000000,1.64900000000,0.909000000000E-01
25,1.55020000000,3.33300000000,1.61490000000,0.999700000000
26,-0.636200000000,3.11510000000,2.20500000000,-0.900000000000E-03
27,-0.788600000000,2.83900000000,2.31020000000,-0.998200000000
28,-0.880400000000,2.20970000000,2.01250000000,0.909000000000E-01
29,-0.882500000000,2.03690000000,2.50940000000,-0.999300000000
30,-0.742100000000,1.53330000000,2.30330000000,1.00000000000
31,-0.731900000000,1.52010000000,2.20770000000,-0.900000000000E-03
32,-0.505200000000,1.70480000000,3.21320000000,0.999700000000
33,-0.538900000000,2.27440000000,3.31850000000,0.999700000000
34,-0.728000000000,2.29090000000,3.03610000000,-0.998200000000
35,-0.809800000000,2.49530000000,2.79020000000,0.909000000000E-01
36,-0.700900000000,2.57740000000,3.00930000000,0.999700000000
37,-0.690300000000,3.03140000000,2.39040000000,1.00000000000
38,1.52310000000,3.52370000000,2.57500000000,1.00000000000
39,2.17020000000,2.55090000000,1.99670000000,-0.998200000000
40,1.29050000000,3.39280000000,1.44790000000,-0.999300000000
41,1.15600000000,2.09840000000,0.821900000000,1.00000000000
42,1.79840000000,2.11690000000,1.22830000000,-0.999300000000
43,1.17170000000,2.66910000000,0.884900000000,1.00000000000
44,0.619000000000E-01,2.74640000000,3.66620000000,0.999700000000
45,-0.334000000000E-01,3.19460000000,3.33970000000,-0.900000000000E-03
46,-0.628700000000,2.50900000000,3.15950000000,-0.998200000000
47,-0.501800000000,2.11890000000,3.35500000000,-0.999300000000
48,-0.109000000000,2.42260000000,3.66280000000,-0.999300000000
49,0.805200000000,0.753100000000,1.81120000000,1.00000000000
50,1.09840000000,0.746100000000,2.54220000000,-0.999300000000
51,2.07600000000,1.57220000000,2.47430000000,0.909000000000E-01
52,2.22640000000,2.23980000000,2.15760000000,0.999700000000
53,2.15410000000,2.51120000000,1.89690000000,1.00000000000
54,2.22150000000,2.38750000000,2.18500000000,0.909000000000E-01
55,2.06380000000,2.33060000000,1.60290000000,0.999700000000
56,2.05100000000,1.79330000000,1.72090000000,-0.999300000000
57,1.92420000000,1.62990000000,1.59440000000,-0.999300000000
58,1.79880000000,1.29540000000,1.76820000000,-0.999300000000
59,1.30990000000,0.827400000000,2.05810000000,1.00000000000
60,1.22400000000,0.844900000000,1.84350000000,-0.998200000000
61,0.474800000000,1.08860000000,1.25140000000,0.909000000000E-01
62,0.651000000000,2.11080000000,0.741000000000,-0.999300000000
63,0.822000000000E-01,2.03540000000,0.861000000000,1.00000000000
64,0.538000000000,3.04150000000,0.963200000000,-0.999300000000
65,0.683200000000,3.41170000000,1.26400000000,0.909000000000E-01
66,0.114400000000,3.30630000000,1.29480000000,1.00000000000
67,0.100900000000,3.02670000000,1.07040000000,0.909000000000E-01
68,-0.307900000000,2.17600000000,1.07290000000,-0.999300000000
69,-0.203400000000,1.77310000000,1.08100000000,-0.900000000000E-03
70,0.314000000000,0.715100000000,2.48100000000,0.909000000000E-01
71,-0.228500000000,1.15150000000,3.01110000000,0.999700000000
72,-0.655900000000,1.57100000000,2.84210000000,-0.999300000000
73,-0.571300000000,1.33330000000,2.66630000000,-0.998200000000
74,-0.106600000000,0.912200000000,2.65530000000,-0.900000000000E-03
75,-0.154600000000,0.959500000000,1.89660000000,0.999700000000
76,-0.507600000000,1.46690000000,1.59570000000,0.909000000000E-01
77,-0.849600000000,2.01650000000,1.94240000000,-0.900000000000E-03
78,-0.484500000000,1.90440000000,1.28620000000,0.999700000000
79,-0.630900000000,2.68740000000,1.53720000000,-0.999300000000
80,0.349700000000,2.97860000000,0.957700000000,0.999700000000
81,1.24210000000,2.51970000000,0.874400000000,-0.998200000000
82,0.927200000000,2.84390000000,0.882300000000,-0.999300000000
83,1.03110000000,3.08890000000,1.03940000000,1.00000000000
84,1.47790000000,3.03320000000,1.22560000000,0.909000000000E-01
85,1.19680000000,3.17580000000,1.16620000000,-0.998200000000
86,1.14180000000,3.46910000000,1.45820000000,-0.999300000000
87,1.42240000000,3.49880000000,1.76040000000,-0.999300000000
88,0.678300000000,3.19770000000,1.06400000000,-0.900000000000E-03
89,0.986500000000,3.62450000000,1.64530000000,1.00000000000
90,0.384500000000,3.39510000000,1.28240000000,-0.999300000000
91,-0.224400000000,3.51520000000,2.08860000000,-0.900000000000E-03
92,-0.716500000000,2.18480000000,1.55610000000,-0.900000000000E-03
93,-0.433500000000,1.13570000000,2.07460000000,-0.998200000000
94,0.201000000000E-01,0.805600000000,2.38700000000,-0.998200000000
95,0.582100000000,0.718900000000,1.91080000000,-0.999300000000
96,0.544800000000,0.793700000000,1.69770000000,0.999700000000
97,-0.366100000000,1.53370000000,1.35010000000,0.909000000000E-01
98,-0.237100000000,1.15260000000,1.61200000000,-0.999300000000
99,-0.273600000000,1.03820000000,1.91350000000,-0.900000000000E-03
100,-0.752100000000,2.60670000000,1.73220000000,0.999700000000
101,0.836000000000E-01,3.58640000000,2.86560000000,1.00000000000
102,1.27840000000,3.68030000000,2.38120000000,-0.900000000000E-03
103,0.462200000000,3.66720000000,2.92530000000,-0.998200000000
104,1.61000000000,3.35600000000,2.87090000000,-0.998200000000
105,0.587200000000,2.14450000000,3.87340000000,-0.999300000000
106,-0.277300000000,1.30650000000,3.15480000000,-0.998200000000
107,0.368200000000,0.696700000000,2.40050000000,-0.999300000000
108,0.817400000000,0.690400000000,2.53520000000,0.999700000000
109,0.516200000000,0.826200000000,2.98230000000,1.00000000000
110,1.42320000000,1.08460000000,3.05610000000,-0.900000000000E-03
111,1.40730000000,1.67700000000,3.57170000000,-0.999300000000
112,1.06540000000,2.28370000000,3.82460000000,0.909000000000E-01
113,0.922300000000,1.82810000000,3.80130000000,1.00000000000
114,1.82420000000,2.30540000000,3.36230000000,0.909000000000E-01
115,1.47190000000,2.98220000000,3.42840000000,1.00000000000
116,0.770900000000,2.18590000000,3.87330000000,-0.900000000000E-03
117,-0.266300000000,3.17180000000,3.16220000000,-0.900000000000E-03
118,-0.564500000000,2.84200000000,3.07930000000,1.00000000000
119,-0.114400000000,2.64260000000,3.61080000000,1.00000000000
120,0.187400000000,2.10060000000,3.79810000000,-0.900000000000E-03
121,0.426300000000,2.32050000000,3.85780000000,1.00000000000
122,0.847900000000,2.41350000000,3.85690000000,-0.999300000000
123,0.357100000000,2.73920000000,3.76380000000,-0.999300000000
124,0.382700000000,2.08530000000,3.84530000000,-0.900000000000E-03
125,0.697000000000E-01,1.87030000000,3.71480000000,-0.900000000000E-03
126,-0.350000000000E-01,2.06210000000,3.70370000000,-0.998200000000
127,-0.883000000000E-01,1.71590000000,3.58470000000,0.909000000000E-01
128,-0.970000000000E-02,1.42180000000,3.46950000000,-0.998200000000
129,-0.303100000000,1.17750000000,2.94960000000,0.909000000000E-01
130,-0.199900000000,1.17720000000,3.08220000000,1.00000000000
131,0.126700000000,0.888300000000,2.90860000000,0.909000000000E-01
132,0.680100000000,0.726300000000,2.73760000000,-0.999300000000
133,1.22330000000,0.889000000000,2.88700000000,1.00000000000
134,0.684200000000,0.685200000000,2.06310000000,-0.999300000000
135,0.561500000000,0.852400000000,1.57160000000,-0.999300000000
136,0.631000000000,0.995200000000,1.34510000000,1.00000000000
137,0.839600000000,1.49240000000,0.935000000000,-0.900000000000E-03
138,0.101000000000,1.36140000000,1.12960000000,0.999700000000
139,0.655400000000,1.68220000000,0.837100000000,-0.998200000000
140,0.505900000000,2.16760000000,0.745300000000,-0.998200000000
141,0.508000000000,1.61640000000,0.872000000000,1.00000000000
142,0.967200000000,2.05850000000,0.776100000000,0.999700000000
143,0.663600000000,2.17250000000,0.737200000000,1.00000000000
144,1.07340000000,2.02450000000,0.805600000000,-0.998200000000
145,1.73930000000,1.84010000000,1.23410000000,0.909000000000E-01
146,1.69170000000,2.06610000000,1.13240000000,0.999700000000
147,1.79230000000,1.99160000000,1.24330000000,-0.999300000000
148,1.55950000000,1.37470000000,1.34780000000,0.999700000000
149,1.66050000000,1.21490000000,1.65320000000,0.999700000000
150,1.14870000000,1.04680000000,1.40400000000,0.999700000000
151,1.05830000000,1.01800000000,1.39840000000,-0.999300000000
152,0.726200000000,1.29370000000,1.05220000000,0.909000000000E-01
153,0.763000000000,1.50440000000,0.920800000000,-0.998200000000
154,0.972200000000,1.40550000000,1.01050000000,-0.900000000000E-03
155,0.796400000000,1.68010000000,0.844000000000,1.00000000000
156,1.40080000000,1.59330000000,1.07870000000,-0.999300000000
157,1.33010000000,1.97390000000,0.909300000000,0.999700000000
158,1.44280000000,2.05230000000,0.955900000000,-0.900000000000E-03
159,1.70250000000,2.02660000000,1.14840000000,-0.998200000000
