,residue,res_num,x_new_nm,y_new_nm,z_new_nm,q,num
0,GLU,32,-0.546824379874671,1.5964541298481745,1.3931875691992295,-1.0,
1,ASP,36,-0.31281536071594007,-1.3943979511868094,1.6572432524925402,-1.0,
2,LYS,39,0.9912378109152431,-0.8251425435942771,1.7678353088080894,1.0,
3,GLU,40,1.8822710959816322,-0.1499444187924939,1.1059956991828475,-1.0,
4,LYS,42,-1.0398289834583074,0.13214620462222584,1.920923569502408,1.0,
5,GLU,48,0.770938449812515,-1.76115417847198,1.0452962069945677,-1.0,
6,LYS,69,0.44064839649503396,-0.3169754301283929,2.1199079841981687,1.0,
7,ASP,70,-0.5446463843927515,1.7118653357367897,1.249612612923117,-1.0,
8,ARG,73,1.3511700565376459,-1.7039424488100556,-0.24407765888158145,1.0,
9,LYS,78,-0.3056322814571555,-2.095027931507371,-0.5532641040598141,1.0,
10,ARG,81,-1.402117838547896,-1.4646048735533157,-0.8231964682234256,1.0,
11,ASP,83,-0.10941284871315284,0.42583283249227827,-2.143676636392239,-1.0,
12,ARG,97,2.1212722212883075,0.24516356132516162,0.4782815964416807,1.0,
13,ASP,98,-2.135963358660151,0.27495254962042714,0.38822148320815675,-1.0,
14,LYS,105,-1.9271590675250447,-0.9031292385672608,-0.5089889989054666,1.0,
15,ASP,108,1.1895257624555673,0.5130205108020703,-1.76365889844288,-1.0,
16,ARG,117,-1.2346490489360697,-0.4340878133181574,-1.7538140695055981,1.0,
17,GLU,121,0.5981947753265164,1.399506504827138,1.572322755614907,-1.0,
18,GLU,122,0.6018818348531038,-1.0985460014983037,1.7943213852517663,-1.0,
19,ARG,123,0.21015414058748058,1.5977969023880203,1.4803832578150335,1.0,
20,GLU,129,-0.5867710606097161,1.8695826598193415,0.9741738523691001,-1.0,
21,LYS,135,1.9717225384021797,0.5775526771908998,0.7532578779756364,1.0,
22,GLU,136,-1.2978781208519363,-0.5180000923947078,1.6839960159687994,-1.0,
23,ARG,139,2.1585626818750745,-0.11392875371140253,0.34100099941191186,1.0,
24,GLU,143,0.9629480640629352,1.4101620390428566,1.3685131872458545,-1.0,
25,ASP,151,-0.23818400832637687,0.3494229955657593,2.1470505914983233,-1.0,
26,ARG,154,-1.86802246319887,-1.1374643703112934,0.07294640061462206,1.0,
27,GLU,155,1.4917654042158046,-1.3900479335803129,0.7943909712728542,-1.0,
28,GLU,162,-1.1521418763089248,-1.6237723670739472,0.9080675585485309,-1.0,
29,ARG,170,2.063923416926123,0.599778389553437,0.41126670980587643,1.0,
30,ASP,179,0.601842815737472,-1.414928822302538,-1.5570536108524369,-1.0,
31,LYS,191,-1.8553855044702967,-1.009215525833111,-0.5724359757429365,1.0,
32,GLU,195,0.9609774531838386,-1.9333811993976642,0.3566703890061823,-1.0,
33,LYS,196,0.5972415276496291,-0.08034842925920259,-2.103687472433152,1.0,
34,LYS,199,-0.14817505794362948,2.1578715812614706,0.3320974030211502,1.0,
35,ASP,200,1.5868099680127696,-0.6035851109889232,-1.3807148269333789,-1.0,
36,GLU,201,0.13685833874354278,-1.6319268758130088,-1.4514609058536225,-1.0,
37,ASP,202,0.49623998864191443,-1.3609638980803458,1.6401760380826478,-1.0,
38,ARG,209,1.8428525693366724,0.3673845586599921,1.1214175350213216,1.0,
39,GLU,212,-1.4701282697067086,-1.5138656518552753,0.5792995363780554,-1.0,
40,GLU,214,0.4188375997767978,0.7352276064968691,2.018085658678532,-1.0,
41,LYS,216,-1.6140099637785976,-1.295272572209545,0.7112630277266975,1.0,
42,ARG,228,-1.6251339571984942,-0.6797012612933312,-1.298306631987408,1.0,
43,GLU,235,-0.10289387735230723,-0.12065938476476923,2.1825463241309366,-1.0,
44,LYS,236,2.1036188288540534,0.41455518786858053,0.4377055096840973,1.0,
45,LYS,238,0.5650521457063794,-1.5532509255104694,1.4341485031681185,1.0,
46,GLU,241,1.8920148660900604,0.40216721268137384,-1.0233257417089505,-1.0,
47,ASP,256,-0.3813303779988154,1.1869358722219774,-1.7984506310026425,-1.0,
48,GLU,261,-2.022195069603232,0.45927575735570325,0.698889957921555,-1.0,
49,GLU,264,0.52145536221285,1.2043987362040338,1.751046054093227,-1.0,
50,GLU,270,1.04205435142697,1.00636012085522,-1.6401269249452164,-1.0,
51,LYS,271,0.9053616443340027,-1.9764604855847159,-0.2501570226816112,1.0,
52,GLU,274,2.1167433175877557,0.5525594877685549,0.05224972756294402,-1.0,
53,ARG,282,2.1117546959768485,0.2694446105435082,0.5065037018370686,1.0,
54,LYS,283,1.4236795420815564,1.1046987627030795,-1.2415439981114653,1.0,
55,LYS,285,1.6698560611736075,1.3289673251395062,-0.48381905479133397,1.0,
56,ARG,290,-1.2083710316468113,-1.3557600309933184,-1.220822870994677,1.0,
57,LYS,292,-0.6581641752300134,-0.2604996319038438,2.070655489048728,1.0,
58,GLU,294,-0.23728384112761766,-1.566298659644906,-1.5096553188195518,-1.0,
59,GLU,295,-0.012753684504812622,1.2912699669009324,-1.766667345658793,-1.0,
60,LYS,296,1.466542510133902,-1.5888826209532323,0.33668884286357104,1.0,
61,ASP,310,0.9590331588057471,1.810799040879383,0.7680602371996914,-1.0,
62,GLU,325,-1.8323523527289605,1.1687553942493798,0.255244937202463,-1.0,
63,LYS,328,1.7127179418908134,-0.6826522884674835,1.1786591528857155,1.0,
64,HIS,337,-1.072637651938893,-1.602187224980956,-1.0349390599724753,1.0,
65,GLU,339,2.016388655036861,0.34706831982726205,0.7761279967355832,-1.0,
66,GLU,342,0.7376263115081345,1.762322447383039,1.0671369687751562,-1.0,
67,ARG,345,-0.9112695494787455,1.4647903430262328,-1.346339984281743,1.0,
68,GLU,346,-1.4105925241247979,1.283767038540606,-1.072765219302799,-1.0,
69,GLU,352,0.09137515455128452,2.1372769620347505,-0.46081673449659677,-1.0,
70,ASP,356,-0.6330643330729818,1.8876379181467635,0.9081337645255142,-1.0,
71,GLU,363,0.6350887931667223,-0.6356807119539254,-1.9953011179643174,-1.0,
72,ARG,365,0.3146761641495362,0.7533028922521782,2.0303122809918936,1.0,
73,ASP,367,-1.9495389427587864,0.8598776964710126,-0.49856047966573447,-1.0,
74,LYS,375,-0.7421098729834059,-1.7065880994694076,-1.1512967859226466,1.0,
75,ARG,387,2.02351986016807,0.39452184446530225,0.7337398611571794,1.0,
76,PRO,391,0.2017823989795224,1.1138826447883077,1.8727529498594686,-1.0,
