1,10.4677000000,-1.94590000000,5.42770000000,0.993000000000
2,10.5860000000,-1.54910000000,4.99930000000,-0.998200000000
3,10.4535000000,-2.14390000000,4.61450000000,0.999700000000
4,10.3499000000,-1.45050000000,4.00890000000,-0.900000000000E-03
5,9.90070000000,-1.31160000000,3.48230000000,-0.998200000000
6,9.31790000000,-1.57650000000,3.14240000000,0.909000000000E-01
7,10.0492000000,-1.84800000000,3.64610000000,0.999700000000
8,10.1832000000,-1.68550000000,3.76850000000,-0.998200000000
9,10.2790000000,-2.42470000000,4.42830000000,-0.900000000000E-03
10,10.3327000000,-1.67730000000,3.98990000000,0.999700000000
11,10.4390000000,-2.07010000000,4.44030000000,-0.999300000000
12,10.4825000000,-1.01750000000,5.29250000000,0.999700000000
13,10.3918000000,-0.684500000000,5.00870000000,0.999700000000
14,10.3894000000,-0.755800000000,5.28240000000,-0.998200000000
15,10.2747000000,-2.35750000000,5.53650000000,0.999700000000
16,9.86810000000,-2.93070000000,5.36700000000,-0.900000000000E-03
17,8.44030000000,-2.01410000000,3.12400000000,0.909000000000E-01
18,10.2185000000,-1.72260000000,3.82150000000,-0.999300000000
19,8.59750000000,-1.12990000000,3.08140000000,0.909000000000E-01
20,9.18510000000,-1.63550000000,3.10480000000,0.909000000000E-01
21,8.83370000000,-1.12130000000,3.08490000000,-0.999300000000
22,10.3520000000,-0.927200000000,4.22660000000,0.999700000000
23,10.3757000000,-1.07040000000,4.17810000000,0.909000000000E-01
24,9.93540000000,-2.93740000000,5.05240000000,-0.998200000000
25,10.3500000000,-1.02070000000,5.69370000000,-0.998200000000
26,9.93680000000,-0.669300000000,6.06850000000,0.999700000000
27,9.82270000000,-1.53680000000,6.43940000000,0.999700000000
28,9.94320000000,-1.62780000000,6.33820000000,-0.999300000000
29,9.88880000000,-2.42580000000,6.07260000000,-0.900000000000E-03
30,9.59480000000,-0.686700000000,6.36130000000,0.999700000000
31,8.66780000000,0.312000000000,5.37740000000,-0.998200000000
32,8.70730000000,0.355100000000,5.14240000000,-0.900000000000E-03
33,8.97950000000,0.112000000000,5.83020000000,-0.998200000000
34,9.15130000000,-0.201000000000,6.19590000000,-0.998200000000
35,9.47480000000,0.195200000000,5.08270000000,0.909000000000E-01
36,10.1854000000,-0.353100000000,4.91660000000,-0.999300000000
37,9.43330000000,-0.381800000000,3.60770000000,-0.900000000000E-03
38,10.4170000000,-0.736900000000,5.00090000000,0.909000000000E-01
39,10.4746000000,-1.11540000000,4.42060000000,-0.999300000000
40,10.4804000000,-2.02860000000,5.28620000000,-0.900000000000E-03
41,10.0118000000,-0.465700000000,5.78010000000,-0.999300000000
42,9.73440000000,-1.20790000000,6.47030000000,0.909000000000E-01
43,9.43370000000,-3.00240000000,5.82470000000,-0.999300000000
44,7.91920000000,-1.17950000000,6.60400000000,-0.900000000000E-03
45,8.14630000000,-0.122200000000,6.06240000000,0.999700000000
46,7.99040000000,-0.741800000000,6.48670000000,0.999700000000
47,6.99450000000,-1.21340000000,5.65980000000,0.909000000000E-01
48,8.22260000000,-2.08970000000,6.65370000000,-0.900000000000E-03
49,7.22860000000,-2.41980000000,5.67500000000,0.999700000000
50,7.21440000000,-1.28620000000,6.05670000000,-0.900000000000E-03
51,6.97580000000,-2.01540000000,5.49110000000,1.00000000000
52,7.41370000000,-2.53880000000,4.00260000000,-0.999300000000
53,8.05580000000,-3.07740000000,4.08650000000,-0.998200000000
54,7.80970000000,-2.82620000000,3.90250000000,0.999700000000
55,7.29600000000,-2.72800000000,4.59490000000,-0.998200000000
56,7.85740000000,-3.18770000000,4.70500000000,-0.998200000000
57,7.20680000000,-2.66300000000,4.87830000000,1.00000000000
58,7.01490000000,-2.20750000000,5.40010000000,-0.998200000000
59,7.36920000000,-2.53340000000,4.06200000000,-0.999300000000
60,7.44870000000,-2.68070000000,4.13170000000,0.999700000000
61,7.04030000000,-2.04440000000,4.20810000000,-0.998200000000
62,7.09360000000,-2.00020000000,4.06860000000,0.999700000000
63,6.97710000000,-1.65610000000,4.17760000000,-0.999300000000
64,6.90720000000,-2.05810000000,4.73250000000,0.999700000000
65,6.82930000000,-1.62100000000,5.10350000000,-0.999300000000
66,6.89120000000,-1.31980000000,5.40530000000,0.909000000000E-01
67,7.66820000000,-0.803900000000,3.51810000000,-0.998200000000
68,7.33100000000,-1.03820000000,3.72230000000,-0.998200000000
69,7.06550000000,-1.25040000000,4.02810000000,1.00000000000
70,6.90270000000,-1.49110000000,4.36460000000,-0.900000000000E-03
71,6.83950000000,-1.39200000000,5.17940000000,1.00000000000
72,7.93790000000,-0.532200000000,3.50970000000,0.999700000000
73,7.21690000000,-0.605200000000,4.20640000000,-0.999300000000
74,6.90930000000,-1.01480000000,4.63290000000,0.999700000000
75,9.17360000000,0.267600000000,4.54050000000,-0.900000000000E-03
76,9.31520000000,-0.416600000000,6.32570000000,1.00000000000
77,8.26900000000,-0.439000000000,6.40740000000,-0.999300000000
78,9.09740000000,-1.10480000000,6.71970000000,1.00000000000
79,8.23930000000,-0.920800000000,6.65030000000,-0.998200000000
80,8.51670000000,-1.81600000000,6.77500000000,-0.999300000000
81,8.00460000000,-1.99540000000,6.60750000000,1.00000000000
82,8.67890000000,-3.13050000000,5.89760000000,0.999700000000
83,8.77240000000,-3.30510000000,4.33040000000,0.999700000000
84,9.44600000000,-2.82660000000,3.78920000000,-0.998200000000
85,9.95890000000,-1.89540000000,3.56960000000,-0.900000000000E-03
86,9.14580000000,-2.65340000000,3.48590000000,-0.998200000000
87,8.78470000000,-3.04930000000,3.82820000000,0.999700000000
88,8.96600000000,-2.04510000000,3.13290000000,-0.998200000000
89,8.79190000000,-2.47890000000,3.30450000000,0.999700000000
90,8.94580000000,-3.14490000000,4.00430000000,1.00000000000
91,8.94050000000,-3.16610000000,4.04140000000,-0.900000000000E-03
92,10.0254000000,-2.85700000000,5.01620000000,-0.999300000000
93,9.86380000000,-3.00100000000,4.86590000000,0.999700000000
94,10.1060000000,-2.69250000000,4.47300000000,-1.00000000000
