record_name,atom_number,atom_name,residue_name,residue_number,x_coord,y_coord,z_coord,occupancy,line_idx,depth,x_orig,y_orig,z_orig,my_residue_number,d_to_vec,orientation_num,integral,potential_V,charge_C_m2
ATOM,16860,OE1,GLU,70,-0.8719203216372584,-4.70826674930067,16.862514874142022,-0.55,16980,2.88,21.085,22.709,59.008,1066.0,1.487669491162146,0.0,8616762.213288868,-0.15547249799033336,-0.25755283392233336
ATOM,11863,HA,GLU,255,-5.740920321637258,-6.052266749300671,36.61351487414202,0.0,12025,2.6,16.216,21.365,78.759,752.0,1.5839726576057442,3.0,8262413.8824569825,-0.228182214424,-0.4869250995516667
ATOM,17616,HG2,GLU,118,-4.07692032163726,-3.7532667493006677,19.72651487414202,0.0,17736,2.6,17.88,23.664,61.872,1114.0,1.8387592249581683,3.0,8262413.8824569825,-0.228182214424,-0.4869250995516667
ATOM,8957,H,GLU,70,0.6410796783627397,-0.24626674930066983,13.185514874142022,0.4,9119,2.6,22.598,27.171,55.331,567.0,2.086703956875412,27.0,5476530.96943295,-0.04468767245225,0.30001880344233334
ATOM,11877,HA,ASP,256,-7.1859203216372585,-3.4652667493006675,33.17451487414201,0.0,12039,2.6,14.771,23.952,75.32,753.0,1.1988102245877095,34.0,5074764.007919255,-0.245435116017,-0.37578977733816665
ATOM,11902,H,ASP,258,-6.514920321637259,-1.6712667493006705,30.22951487414202,0.4,12064,2.968,15.442,25.746,72.375,755.0,1.8425176958098932,48.0,4103924.1886964315,-0.24418425674733335,-0.42770936840233326
ATOM,19650,OE1,GLU,247,-0.6729203216372603,-14.950266749300669,44.034514874142026,-0.55,19770,2.88,21.284,12.467,86.18,1243.0,1.1214481232500693,51.0,3864894.209790075,-0.059874622152099995,0.10092334517033331
ATOM,19769,HG2,GLU,255,5.24607967836274,-8.21726674930067,37.91751487414202,0.0,19889,2.6,27.203,19.2,80.063,1251.0,1.6065825212351206,57.0,3535841.2879469213,-0.14797069399499999,-0.35362637644166667
ATOM,19667,HA,ASP,248,2.14407967836274,-15.62526674930067,39.69451487414202,0.0,19787,2.992,24.101,11.792,81.84,1244.0,1.7356470590266275,89.0,2120219.235788492,-0.07885268630036667,-0.07456515343600002
ATOM,19809,H,ASP,258,7.1990796783627395,-9.352266749300668,29.071514874142018,0.4,19929,2.74,29.156,18.065,71.217,1254.0,1.9858475937268834,112.0,1545887.7503939562,-0.13364001595046668,-0.044883598049830026
ATOM,9708,HG2,GLU,118,4.289079678362739,-2.4552667493006695,19.145514874142016,0.0,9870,2.6,26.246,24.962,61.291,615.0,1.9201187874555818,113.0,1523772.562171212,-0.176131742338,-0.42834756151000003
ATOM,11739,O,GLU,247,1.1830796783627413,-0.17026674930066932,41.216514874142014,-0.55,11901,2.88,23.14,27.247,83.362,744.0,2.915836294549937,116.0,1452307.229704536,-0.047485676206566664,0.14316881650103333
ATOM,19784,HA,ASP,256,7.733079678362742,-8.23826674930067,31.938514874142022,0.0,19904,2.6,29.69,19.179,74.084,1252.0,1.5187808498889157,121.0,1305964.9165397978,-0.20434575110833333,-0.43615681919533333
ATOM,11923,HD1,TYR,259,-7.57092032163726,2.0507332506993308,36.06251487414202,0.12,12085,2.6,14.386,29.468,78.208,756.0,1.1143163677855923,177.0,566904.8704619164,-0.12196055476193333,0.10454003853166667
ATOM,13044,OE2,GLU,329,-3.7119203216372583,3.0667332506993326,15.167514874142022,-0.55,13206,2.88,18.245,30.484,57.313,826.0,2.6717349932625325,177.0,566904.8704619164,-0.12196055476193333,0.10454003853166667
ATOM,23674,HG3,GLU,501,-19.35792032163726,-7.19126674930067,45.859514874142015,0.0,23794,2.6,2.599,20.226,88.005,1497.0,1.5031100765374086,186.0,494650.0213462196,-0.12281287350633334,0.190565787522
ATOM,9764,HB2,ASP,123,-3.5829203216372605,3.18373325069933,30.90851487414202,0.0,9926,2.968,18.374,30.601,73.054,620.0,2.4714358000760095,189.0,460018.9290484546,-0.08158419685936667,0.22867544256066666
ATOM,11760,HA,ASP,248,-1.3089203216372596,0.9017332506993299,42.00951487414202,0.0,11922,2.6,20.648,28.319,84.155,745.0,1.1013726763696852,191.0,430736.542404419,-0.09119280782303334,0.06451335508389999
ATOM,12968,HE2,TYR,324,-7.8909203216372585,2.6717332506993294,18.361514874142017,0.12,13130,2.6,14.066,30.089,60.507,821.0,3.1065086767574734,193.0,427024.1221337196,-0.17469666039066667,-0.3261434701113333
ATOM,19830,HD1,TYR,259,8.90907967836274,-14.235266749300669,32.007514874142025,0.12,19950,2.6,30.866,13.182,74.153,1255.0,2.143023641217221,199.0,405468.9229662511,-0.07456314398386668,0.258066985347
